Name,Category,Description,Address,Phone,WhatsApp,BusinessHours,WeeklyOff,TopProducts,Facebook,Instagram,Website,Latitude,Longitude,ImageURL,Slug,OriginalURL,DateAdded,Status
Caffè Mocha,Cafe,"Caffè Mocha is the best cafe in the district headquarter of Madhepura, Bihar India",1 SBI Road Madhepura Bihar 852113,123456789,9876543210,9AM to 9PM,NEVER,"Caffè mocha, Latte, Cold brew, Cappuccino",https://www.facebook.com/myMadhepura/,https://www.instagram.com/myMadhepura/,,25.917414,86.791591,https://oldmedia.mymadhepura.com/wp-content/uploads/2023/05/4-1.png,caffe-mocha,https://mymadhepura.com/listing/caffe-mocha/,2023-05-13,Published
Dentist Dr yamini Singh and dr pranav Pratap singh,Dentists,"Dental and skin specialist and many more type of treatment are here.must visit once 
Dr pranav Pratap singh and Dr yamini singh","SBI ROAD W.N 18 NEAR RAJ HOTEL, Madhepura",9431851300,9431851300,Opening time 10:00am closing time 8:pm,,"Teeth treatment,acne treatment,skin and hair analyzer,tatoo remove ,permanent hair remove treatment,",,,,25.917104,86.790838,https://oldmedia.mymadhepura.com/wp-content/uploads/2023/05/IMG20230514113423-scaled.jpg,dentist-dr-yamini-singh-and-dr-pranav-pratap-singh,https://mymadhepura.com/listing/dentist-dr-yamini-singh-and-dr-pranav-pratap-singh/,2023-05-14,Published
Masala chai and general store,Grocery,All grocery items are available here and masala tea is also here ..must visit once,"SBI ROAD WARD NO 17 , MADHEPURA",7549029985,7549029985,5:00 am opening time and closing time 10 pm,Sunday,Tea and all grocery item,,,,25.917104,86.790838,https://oldmedia.mymadhepura.com/wp-content/uploads/2023/05/IMG20230514115035-scaled.jpg,masala-chai-and-general-store,https://mymadhepura.com/listing/masala-chai-and-general-store/,2023-05-14,Published
Pratap customized gift,Fashion,"All type of customized photos,frames, gifts etc are available here must visit once .",SBI ROAD NEAR PATANJALI STORE MADHEPURA,9297927475,9297927172,8 am opening time closing time 8pm,,All time of customized photos albums and frames tshirts photo prints,,,,25.917104,86.790838,https://oldmedia.mymadhepura.com/wp-content/uploads/2023/05/IMG20230514123428-scaled.jpg,pratap-customized-gift,https://mymadhepura.com/listing/pratap-customized-gift/,2023-05-14,Published
Shiv shakti comunication,Restaurants,All mobile phone are repaired here and all phone covers are available here must visit once.thanku,State Bank road near goggles shop,9102209600,9102209600,8;00 am opening and closing time 8 pm,,All types of phone covers and mobile are repairing here,,,,,,https://oldmedia.mymadhepura.com/wp-content/uploads/2023/05/IMG20230514125230-scaled.jpg,shiv-shakti-comunication,https://mymadhepura.com/listing/shiv-shakti-comunication/,2023-05-14,Published
Anand marga school,Schools,CBSE SCHOOL ANAND MARGA SCHOOL KABIR NAGAR WARD NO 3 MADHEPURA BIHAR NURSERY TO 10TH,Kabir nagar ward no 3madhepura bihar,8877210417,8877210417,7:am opening time and closed time 2pm,Sunday close,Nursery to 10th classes here CBSE SCHOOL,,,,25.933133,86.795491,https://oldmedia.mymadhepura.com/wp-content/uploads/2023/05/IMG20230514130532-scaled.jpg,anand-marga-school,https://mymadhepura.com/listing/anand-marga-school/,2023-05-14,Published
UB BIOLOGY CLASSES,Schools,11th and 12th classes and medical ki padhai ya hoti h ...C.B.S.E PATERN AND BSEB PATERN,Kabir nagar ward no 3 Madhepura,7295891357,7295891357,Morning 6:00 am and closing time 8pm,Sunday close,11th and 12th medical coaching CBSE AND BSEB PATERN,,,,25.933133,86.795491,https://oldmedia.mymadhepura.com/wp-content/uploads/2023/05/IMG20230514130352-scaled.jpg,ub-biology-classes,https://mymadhepura.com/listing/ub-biology-classes/,2023-05-14,Published
Minckey beauty parlour,Fashion,"Welcome to Minckey Beauty Parlour, your premier destination for all your beauty needs in My Madhepura! We are proud to be a part of the thriving local business scene and offer a wide range of services to help you look and feel your absolute best.

Located in the heart of My Madhepura, Minckey Beauty Parlour is dedicated to providing exceptional beauty treatments and services to our valued clients. Our highly skilled team of experienced beauticians is committed to delivering personalized care and attention to every individual who walks through our doors.

At Minckey Beauty Parlour, we understand that each person has unique beauty aspirations and requirements. That's why we offer a comprehensive range of services tailored to suit your specific needs. From relaxing facials and rejuvenating skin treatments to professional makeup application and glamorous hairstyling, our beauty experts are here to help you enhance your natural beauty and boost your confidence.

As the leading beauty parlour in My Madhepura, we take great pride in using only top-quality products and state-of-the-art equipment. Our team stays up-to-date with the latest industry trends and techniques, ensuring that you receive the most innovative and effective beauty solutions available.

When you choose Minckey Beauty Parlour, you can expect a warm and inviting atmosphere where you can unwind and indulge in a pampering experience like no other. Our friendly staff will make you feel right at home, and our attention to detail guarantees an exceptional level of service from start to finish.

To experience the finest beauty treatments in My Madhepura, visit Minckey Beauty Parlour today. Schedule an appointment with us and let our experts work their magic. Discover why we are the number one choice for all your beauty needs in My Madhepura.

&nbsp;

&nbsp;

All time of beauty treatment are here ,haircut,spaa,masaz, makeup treatment,makeup product etc",Subhas chowk near Hindustan electronic,9472963824,9472963824,10 am opening time and closing time 8pm,Saturday close,"Hair cut ,spaa,beauty treatment,facial,mashaz,eyeblow,makeup,makeup product and etc",,,,25.917414,86.791591,https://oldmedia.mymadhepura.com/wp-content/uploads/2023/05/IMG20230514125827-scaled.jpg,mickey-beauty-parlour,https://mymadhepura.com/listing/mickey-beauty-parlour/,2023-05-14,Published
Birju general store,Grocery,"All type of eating things like chocolate, biscuit,pan , puriya etc are available here",Kabir nagar ward no 3 Madhepura,7549325845,7549325845,6am opening and 10:30close,,"Rajnigandha,Panparak,biscuit chocolate,cold drink, tabaco",,,,25.934337,86.795264,https://oldmedia.mymadhepura.com/wp-content/uploads/2023/05/IMG20230514141856-scaled.jpg,birju-general-store,https://mymadhepura.com/listing/birju-general-store/,2023-05-14,Published
Dr. Yamini Singh,Dentists,"Welcome to the profile of Dr. Yamini Singh, the top-rated doctor and dentist specializing in cosmetic surgery in Madhepura. With her extensive knowledge and expertise, Dr. Singh is dedicated to providing exceptional dental care and helping her patients achieve beautiful, healthy smiles.

As the leading dentist in Madhepura, Dr. Yamini Singh holds a Bachelor of Dental Surgery (BDS) degree and has undergone rigorous training in various aspects of dentistry. Her passion for cosmetic surgery has led her to specialize in enhancing the aesthetic appeal of smiles, giving her patients the confidence to show off their pearly whites.

At Dr. Yamini Singh's clinic, we understand that visiting the dentist can be a daunting experience for many. That's why we strive to create a comfortable and welcoming environment, where our patients can feel at ease from the moment they step through our doors. Our friendly and compassionate team is committed to delivering personalized care, ensuring that each patient receives individual attention and the highest standard of treatment.

Dr. Yamini Singh offers a comprehensive range of dental services in Madhepura, including teeth whitening, veneers, dental implants, orthodontics, and more. With her meticulous attention to detail and artistic approach, she is able to transform smiles, giving her patients the stunning results they desire. Whether you're looking to correct misaligned teeth, restore chipped or damaged teeth, or simply enhance your smile's natural beauty, Dr. Gupta is here to provide the expertise and guidance you need.

Utilizing the latest advancements in dental technology and techniques, Dr. Yamini Singh stays at the forefront of the field, ensuring her patients in Madhepura receive the most effective and efficient treatments available. She is dedicated to continuing education and professional development, enabling her to provide the highest level of care and stay up-to-date with the latest advancements in cosmetic dentistry.

If you're searching for a skilled doctor and dentist in Madhepura who specializes in cosmetic surgery, look no further than Dr. Yamini Singh. With her expertise, commitment to excellence, and passion for creating beautiful smiles, she is the number one choice for all your dental needs. Schedule an appointment today and discover the difference Dr. Singh can make in transforming your smile and boosting your confidence.","SBI ROAD W.N 18 NEAR RAJ HOTEL, Madhepura",919431851300,919431851300,10 AM 8 PM,Never,"Teeth treatment,acne treatment,skin and hair analyzer,tatoo remove ,permanent hair remove treatment,",,,,25.917414,86.791591,https://oldmedia.mymadhepura.com/wp-content/uploads/2023/05/Dr.-Yamini-Gupta.png,dr-yamini-singh,https://mymadhepura.com/listing/dr-yamini-singh/,2023-05-14,Published
Dr. Pranav Pratap Singh,Dentists,"Welcome to the profile of Dr. Pranav Pratap Singh, a highly skilled and dedicated dentist serving the community of Madhepura. With his extensive knowledge and expertise, Dr. Singh is committed to providing exceptional dental care and ensuring his patients achieve optimal oral health.

As a trusted dentist in Madhepura, Dr. Pranav Pratap Singh holds a Bachelor of Dental Surgery (BDS) degree and has undergone comprehensive training in various aspects of dentistry. With a passion for helping others and a deep understanding of dental health, he is dedicated to providing personalized care to each patient, ensuring their comfort and satisfaction throughout their dental journey.

At Dr. Pranav Pratap Singh's clinic, patient well-being is our top priority. We strive to create a welcoming and relaxing environment, where patients of all ages feel comfortable and at ease. Dr. Singh and his friendly team believe in open communication, taking the time to listen to patients' concerns and providing them with clear explanations and treatment options.

Dr. Pranav Pratap Singh offers a wide range of dental services to address various oral health needs. From routine check-ups and cleanings to restorative procedures and cosmetic enhancements, he utilizes the latest techniques and state-of-the-art equipment to deliver high-quality dental care. Whether you require preventive care, dental fillings, crowns, or teeth whitening, Dr. Singh is dedicated to helping you achieve a healthy and beautiful smile.

With a strong focus on patient education, Dr. Pranav Pratap Singh empowers his patients to take an active role in their dental health. He provides valuable guidance on proper oral hygiene practices, dietary choices, and preventive measures, ensuring long-term oral well-being. Dr. Singh believes that a healthy smile contributes to overall wellness and is passionate about improving the oral health of his patients in Madhepura.

If you are in search of a reliable and compassionate dentist in Madhepura, look no further than Dr. Pranav Pratap Singh. With his expertise, gentle approach, and commitment to delivering outstanding dental care, he is dedicated to being your trusted oral health partner. Schedule an appointment today and experience the exceptional care that Dr. Singh and his team provide to each patient in Madhepura.","SBI ROAD W.N 18 NEAR RAJ HOTEL, Madhepura",919431851300,919431851300,10 AM 8 PM,NEVER,"Teeth treatment, acne treatment, skin and hair analyzer, tatoo remove, permanent hair remove treatment",,,,25.917414,86.791591,https://oldmedia.mymadhepura.com/wp-content/uploads/2023/05/2-2.png,dr-pranav-pratap-singh,https://mymadhepura.com/listing/dr-pranav-pratap-singh/,2023-05-14,Published
A.k general store,Grocery,"Chocolate, biscuit ,perfumes, lays, kurkure,pan ,etc are available here must visit once.",State Bank road near patanjali shop Madhepura 852113,937766885381,937766885381,Opening time 8am and 10pm,,"Pan, Chocolates,cold drink , Ciggerates,perfumes,etc",,,,25.917104,86.790838,https://oldmedia.mymadhepura.com/wp-content/uploads/2023/05/IMG20230514175915-scaled.jpg,a-k-general-store,https://mymadhepura.com/listing/a-k-general-store/,2023-05-14,Published
Tazz biryani center,Restaurants,"Chicken biryani, mutton biryani , chicken chawal , mutton chawal ,egg biryani ,etc",SBI ROAD WARD NO 17 NEAR PRADIP YADAV HOSPITAL MADHEPURA,917070748777,91707074877,10am opening and closing time 9pm,,"Chicken biryani , mutton biryani ,chicken chawal,egg chawal,mutton chawal,mutton biryani etc",,,,25.917104,86.790838,https://oldmedia.mymadhepura.com/wp-content/uploads/2023/05/IMG20230514180747-scaled.jpg,tazz-biryani-center,https://mymadhepura.com/listing/tazz-biryani-center/,2023-05-14,Published
Devki Mart,Grocery,"All types of icecreams , cold drink , chocolate , biscuit , perfumes, Cosmetic products are available here must visit once.",State Bank road near patanjali shop Madhepura 852113,919304459992,919304459992,8:00 opening and closing 10pm,,"Sudha milk,cold drink, cosmetic products, biscuit chocolate ,and many more items",,,,25.932771,86.795539,https://oldmedia.mymadhepura.com/wp-content/uploads/2023/05/IMG20230514200628-scaled.jpg,devki-mart,https://mymadhepura.com/listing/devki-mart/,2023-05-15,Published
Baby health care centre (Dr. Ravindra kumar MBBS Patna),Doctors,New born baby &amp;child specialist Dr.Ravindra kumar,Japalpati chowk Madhepura,918102829890,919955732864,10:am opening time closing time 9pm,,New born & child specialist,,,,25.933896,86.795264,https://oldmedia.mymadhepura.com/wp-content/uploads/2023/05/IMG20230514194603-scaled.jpg,baby-health-care-centre-dr-ravindra-kumar-mbbs-patna,https://mymadhepura.com/listing/baby-health-care-centre-dr-ravindra-kumar-mbbs-patna/,2023-05-15,Published
आदित्य विजन मधेपुरा,Fashion,"ALL BRAND LIKE LG, WHIRLPOOL,DELL,blue star, VOLTASE,GOONEY,Sony all electronic things are available here must visit once .","Aditya Vision, KARPURI CHOWK, opp. HP PETROL PUMP, Madhepura, Bihar 852113",918521134580,918521134580,10am opening and closing time 9pm,,"LCD, FRIZZ , WASHING MACHINE , MOBILE PHONES,LAPTOP, COOLER ,AND MANY NORE ITEM",,,,25.930109,86.789429,https://oldmedia.mymadhepura.com/wp-content/uploads/2023/05/IMG20230514194746-scaled.jpg,%e0%a4%86%e0%a4%a6%e0%a4%bf%e0%a4%a4%e0%a5%8d%e0%a4%af-%e0%a4%b5%e0%a4%bf%e0%a4%9c%e0%a4%a8-%e0%a4%ae%e0%a4%a7%e0%a5%87%e0%a4%aa%e0%a5%81%e0%a4%b0%e0%a4%be,https://mymadhepura.com/listing/%e0%a4%86%e0%a4%a6%e0%a4%bf%e0%a4%a4%e0%a5%8d%e0%a4%af-%e0%a4%b5%e0%a4%bf%e0%a4%9c%e0%a4%a8-%e0%a4%ae%e0%a4%a7%e0%a5%87%e0%a4%aa%e0%a5%81%e0%a4%b0%e0%a4%be/,2023-05-15,Published
Hotel Raj,Hotels,All types of rooms are available here....must visit oNCe,SBI ROAD WARD NO 17 NEAR MODERN TV,917580859043,917280859043,24 hours open,,All prices of rooms are available here,,,,25.917104,86.790838,https://oldmedia.mymadhepura.com/wp-content/uploads/2023/05/IMG20230515104743-scaled.jpg,hotel-raj,https://mymadhepura.com/listing/hotel-raj/,2023-05-15,Published
Hotel SAS,Hotels,All types of low budget and high budget rooms are available here,By pass road near Honda showroom,917549938256,917549938256,All time available here rooms,No weekly off,All types of rooms are available here,,,,25.917104,86.790838,https://oldmedia.mymadhepura.com/wp-content/uploads/2023/05/IMG20230515104538-scaled.jpg,hotel-sas,https://mymadhepura.com/listing/hotel-sas/,2023-05-15,Published
Hotel Maheshwari,Hotels,All types of rooms are available here must visit once...Hotel Maheshwari,Near chowka resturant,917070245422,917070245422,All time open,,All types of rooms are available here,,,,25.917104,86.790838,https://oldmedia.mymadhepura.com/wp-content/uploads/2023/05/IMG20230515103535-scaled.jpg,hotel-maheshwari,https://mymadhepura.com/listing/hotel-maheshwari/,2023-05-15,Published
OZOS HOSPITAL DR.PUJA BHARTI,Doctors,"Women's doctor Dr Puja bharti

Women's all problems solution here ...
Child specialist and women's all treatment",Japalpati chowk Madhepura near kajaria tiles,919304057539,919473488761,10 : opening and 8pm close,,Women doctor and CHILD specialist,,,,25.917414,86.791591,https://oldmedia.mymadhepura.com/wp-content/uploads/2023/05/IMG20230515104150-scaled.jpg,ozos-hospital-dr-puja-bharti,https://mymadhepura.com/listing/ozos-hospital-dr-puja-bharti/,2023-05-15,Published
MODERN TV centre,Fashion,"All brand tv ,fizz ,AC ,are here ...with Bajaj finance loan facility...must visit once",Near Raj hotel SBI ROAD WARD NO 17,919162898947,919162898947,9am opening time and closing time 9pm,Sunday close,"All types of tv , fizz ,cooler , washing machine al",,,,25.917104,86.790838,https://oldmedia.mymadhepura.com/wp-content/uploads/2023/05/IMG20230515104802-scaled.jpg,modern-tv-centre,https://mymadhepura.com/listing/modern-tv-centre/,2023-05-15,Published
K K Darbar marriage hall,Banquets,"<h1>K.K Darbar marriage hall</h1>
Introducing K.K Darbar: Creating Unforgettable Moments at the Perfect Marriage Hall

Welcome to K.K Darbar, where dreams come to life and unforgettable memories are made. We take immense pride in presenting a marriage hall that goes beyond the ordinary, offering an extraordinary venue for your special day. With our commitment to excellence, attention to detail, and world-class facilities, K.K Darbar has established itself as a brand synonymous with impeccable service, luxurious ambiance, and unforgettable celebrations.
<h2>Grand marriage hall</h2>
Discover a Venue of Grandeur and Elegance At K.K Darbar, we understand that your wedding day is a once-in-a-lifetime event, and every detail matters. Our marriage hall exudes grandeur and elegance, setting the stage for a truly magnificent celebration. From the moment you step foot into our meticulously designed space, you'll be captivated by its exquisite architecture, opulent interiors, and stunning décor. Our hall offers a seamless blend of contemporary sophistication and timeless charm, creating a backdrop that will leave a lasting impression on you and your guests.
<h3>Elegant wedding venue</h3>
Unparalleled Facilities for Your Perfect Day K.K Darbar is equipped with state-of-the-art facilities that ensure a seamless and flawless wedding experience. Our spacious hall can accommodate a large number of guests, providing ample room for all your loved ones to gather and celebrate. We offer versatile seating arrangements and customizable layouts, allowing you to design the space according to your unique vision. Whether you prefer a traditional setting or a modern, chic atmosphere, our expert team will work closely with you to bring your dream wedding to life.

Expert Event Planning and Coordination Planning a wedding can be a daunting task, but at K.K Darbar, we aim to make the process stress-free and enjoyable. Our dedicated team of event planning professionals will guide you every step of the way, offering their expertise and support to ensure that your vision is executed flawlessly. From conceptualizing themes and décor to coordinating vendors and managing logistics, we take care of all the intricate details, allowing you to relax and savor every moment of your special day.

Culinary Delights to Delight Every Palate At K.K Darbar, we understand the importance of exceptional cuisine in creating a memorable wedding experience. Our talented culinary team is renowned for crafting delectable menus that tantalize the taste buds and cater to diverse palates. From traditional delicacies to international flavors, our extensive menu options are curated with the utmost care, using only the freshest ingredients and culinary expertise. Our commitment to culinary excellence ensures that your guests will be treated to a feast that delights their senses and leaves a lasting impression.

Unmatched Service and Hospitality The hallmark of K.K Darbar is our unwavering commitment to providing unparalleled service and hospitality. Our team of experienced and dedicated professionals is passionate about creating magical moments and ensuring that every guest feels pampered and valued. From the moment you step foot into our premises until the conclusion of your event, our attentive staff will be at your service, catering to your every need and ensuring that your wedding day is nothing short of perfection.

Make Your Dream Wedding a Reality at K.K Darbar When it comes to your wedding day, there's no room for compromise. Choose K.K Darbar as your marriage hall, and let us transform your dreams into a breathtaking reality. Experience the fusion of elegance, luxury, and flawless service as we curate a wedding celebration that surpasses all expectations. With K.K Darbar as your chosen venue, your special day will become an extraordinary affair, etched forever in your memories as a cherished milestone. Contact us today to embark on this remarkable journey and create the wedding of your dreams.",College chowk Madhepura near petrol pump,918603356950,918603356950,All time open,,Marriage hall and hotel,,,,25.914737,86.788218,https://oldmedia.mymadhepura.com/wp-content/uploads/2023/05/IMG20230514220134-scaled.jpg,k-k-darbar-marriage-hall,https://mymadhepura.com/listing/k-k-darbar-marriage-hall/,2023-05-15,Published
HOSPITAL (ALL EMERGENCY FACILITY),Hospitals,All emergency facilities are available like ambulance 🚑 and many more things,By pass road near mi showroom,919102131776,91910213776,All time open,,"All emergency facilities are here like ambulance, medicine,and many more things.",,,,25.917104,86.790838,https://oldmedia.mymadhepura.com/wp-content/uploads/2023/05/IMG20230515104607-scaled.jpg,hospital-all-emergency-facility,https://mymadhepura.com/listing/hospital-all-emergency-facility/,2023-05-15,Published
Honda showroom,Fashion,All Honda bikes are available here in low price must visit once,By pass road near hero showroom,919289922733,919289922733,10 am opening time and 9pm closing timw,,All Honda bike are available here Honda showroom,,,,,,https://oldmedia.mymadhepura.com/wp-content/uploads/2023/05/IMG20230515104349-scaled.jpg,honda-showroom,https://mymadhepura.com/listing/honda-showroom/,2023-05-15,Published
ONE BITE MADHEPURA,Restaurants,"All types of fast food are available here like pizza , burger, 🍔,pesti, chowmein,cake , colddrink etc",Karpoori chowk near shyam fashion,919153361957,919153361957,10am opening and closing time 9pm,,"Pizza,burger,paties,noodles , chicken,mutton ,",,,,25.917104,86.790838,https://oldmedia.mymadhepura.com/wp-content/uploads/2023/05/IMG_20230514_190402.jpg,one-bite-madhepura,https://mymadhepura.com/listing/one-bite-madhepura/,2023-05-15,Published
JANTA GARAGE (BIKE REPAIRING CENTRE),Fashion,All types of bike are repairing here and full servicing here....,Japalpati chowk Madhepura,919123226569,919123226569,10 am opening time and 9pm closing time,,All bike are repairing here,,,,25.917104,86.790838,https://oldmedia.mymadhepura.com/wp-content/uploads/2023/05/IMG20230514193947-scaled.jpg,janta-garage-bike-repairing-centre,https://mymadhepura.com/listing/janta-garage-bike-repairing-centre/,2023-05-15,Published
"StAte bAnk oF INdiA,MaDhEpuRa",Schools,SBI BANK,SBI ROAD NEAR MAIN MARKET,911800111109,911800111109,,Sunday,Bank,,,,25.917104,86.790838,https://oldmedia.mymadhepura.com/wp-content/uploads/2023/05/IMG20230515124959-scaled.jpg,state-bank-of-indiamadhepura,https://mymadhepura.com/listing/state-bank-of-indiamadhepura/,2023-05-15,Published
KAMINI BEAUTY PARLOUR,Fashion,"HAIR CUT , FACIAL,BLECHING ,SPAA ,TONE, COSMETIC PRODUCT FOR GIRLS",SBI ROAD NEAR PATANJALI STORE MADHEPURA,919334431972,919334431972,,Sunday,Hair cut and makeup,,,,25.917104,86.790838,https://oldmedia.mymadhepura.com/wp-content/uploads/2023/05/IMG20230515125445-scaled.jpg,kamini-beauty-parlour,https://mymadhepura.com/listing/kamini-beauty-parlour/,2023-05-15,Published
HOTEL AWITA,Hotels,AC/NoN AC ROOMS ARE AVAILABLE HERE MUST VISIT ONCE,KARPOORI CHOWK NEAR MAIN MARKET,918969334338,919709999284,9am opening time and closing time 9pm,,All types of low budget and high budget rooms are available here AC/non AC,,,,25.917104,86.790838,https://oldmedia.mymadhepura.com/wp-content/uploads/2023/05/IMG20230515124751-scaled.jpg,hotel-awita,https://mymadhepura.com/listing/hotel-awita/,2023-05-15,Published
HOTEL S.K PALACE,Hotels,Best food in cheap prince and also rooms are best,"Rasbihari School Rd, RB Nagar, Madhepura, Bihar 852113",91000000,91000000,Alltime open,,Good service best food and cheaf price,,,,25.917104,86.790838,https://oldmedia.mymadhepura.com/wp-content/uploads/2023/05/IMG_20230515_162144.jpg,hotel-s-k-palace,https://mymadhepura.com/listing/hotel-s-k-palace/,2023-05-15,Published
THE REYMOND SHOP,Fashion,All REYMOND brand cloth are available here must visit once,KARPOORI CHOWK NEAR MAIN MARKET,916476223192,916476223192,10am opening and closing time 9pm,Sunday,All REYMOND brand cloth are available here,,,,25.917104,86.790838,https://oldmedia.mymadhepura.com/wp-content/uploads/2023/05/IMG20230515124453-scaled.jpg,the-reymond-shop,https://mymadhepura.com/listing/the-reymond-shop/,2023-05-15,Published
Hotel Sandhya,Hotels,"Experience Unparalleled Comfort and Hospitality at Hotel Sandhya in Madhepura

Welcome to Hotel Sandhya, your ultimate destination for a memorable stay in Madhepura. Situated in the heart of the city, Hotel Sandhya offers a perfect blend of comfort, convenience, and warm hospitality. Whether you're traveling for business or pleasure, our hotel is committed to providing you with an exceptional experience that exceeds your expectations. Prepare to be immersed in a world of luxury, impeccable service, and a wide range of amenities that cater to your every need.

As one of the top-rated hotels in Madhepura, Hotel Sandhya takes pride in offering a diverse selection of rooms and suites that cater to every traveler's preferences. Whether you're seeking luxury, affordability, or a balance of both, our hotel has the perfect accommodation option for you. From elegantly appointed rooms with modern amenities to spacious suites that offer a home-away-from-home ambiance, we ensure that your stay with us is comfortable and relaxing.

For those seeking the epitome of luxury, our hotel boasts a collection of exquisite suites designed to provide an elevated experience. These meticulously crafted spaces feature sophisticated décor, plush furnishings, and exclusive amenities that cater to the most discerning guests. Immerse yourself in opulence, and indulge in the finest comforts Hotel Sandhya has to offer.

If you're a budget-conscious traveler, we understand the importance of finding a hotel that offers quality without compromising affordability. Hotel Sandhya is proud to offer a range of well-appointed rooms and budget-friendly options that allow you to enjoy a comfortable stay without breaking the bank. Rest assured that even in our budget accommodations, we maintain the highest standards of cleanliness, comfort, and personalized service.

Hotel Sandhya's prime location makes it an ideal choice for both business and leisure travelers. Situated in close proximity to the Madhepura bus stand, our hotel provides convenient access to major attractions, local businesses, and transportation hubs in the area. Whether you're exploring the cultural heritage of Madhepura or attending meetings in the city, our strategic location ensures that you're never far from your desired destinations.

At Hotel Sandhya, we understand that your dining experience plays a vital role in your overall stay. Step into our restaurant and savor a culinary journey of delectable flavors and delightful ambiance. Our skilled chefs create an exquisite array of dishes, ranging from traditional local delicacies to international cuisines, catering to diverse palates. Impeccable service, a warm and inviting atmosphere, and a menu that tantalizes your taste buds await you at our in-house restaurant.

We also recognize the importance of convenience and well-being during your stay. Hotel Sandhya offers a range of amenities designed to make your visit as comfortable and enjoyable as possible. Stay connected with complimentary Wi-Fi access throughout the premises, maintain your fitness routine at our well-equipped gym, and take advantage of our efficient concierge services to assist you with any requests or arrangements.

Hotel Sandhya understands that your satisfaction is our top priority. Our dedicated staff is committed to providing personalized service, ensuring that every aspect of your stay is tailored to your needs. From the moment you step into our hotel until the time of your departure, our team is at your service, ready to assist you with a warm smile and genuine hospitality.

To make your booking process seamless and hassle-free, we offer exclusive hotel deals and packages that cater to different preferences and budgets. Whether you're looking for discounted rates, special promotions, or bundled offerings, Hotel Sandhya ensures that you receive the best value for your stay in Madhepura.

Experience the epitome of comfort, luxury, and exceptional service at Hotel Sandhya in Madhepura. Book your stay with us today and embark on a journey of unforgettable memories.",Station road near railway station,919771903711,918539911246,9am opening time and closing time 9pm,,All types of low budget and high budget rooms are available here AC/non AC,,,,25.917104,86.790838,https://oldmedia.mymadhepura.com/wp-content/uploads/2023/05/IMG20230515124207-scaled.jpg,hotel-sandiya,https://mymadhepura.com/listing/hotel-sandiya/,2023-05-15,Published
TRENDS (MALL),Fashion,"Boys , girls women's all types of cloth , Cosmetic products,and many more item are here",Station road near railway station,9100000000,91000000,9am opening time and closing time 9pm,,"All types of boys ,girls ,women's cloth and shoes and many more items",,,,25.917104,86.790838,https://oldmedia.mymadhepura.com/wp-content/uploads/2023/05/IMG20230515123907-scaled.jpg,trends-mall,https://mymadhepura.com/listing/trends-mall/,2023-05-15,Published
Jawed Habib,Salons,"Discover Jawed Habib: Your Ultimate Destination for Unmatched Hair and Beauty Services in Madhepura

Are you in search of a world-class salon in Madhepura that offers exceptional hair and beauty services? Look no further than Jawed Habib, the ultimate destination for all your grooming needs. With our team of skilled professionals, luxurious ambiance, and a wide range of services, we are dedicated to providing an unparalleled salon experience that will leave you feeling rejuvenated and confident. Step into the world of Jawed Habib and discover a haven of style, elegance, and self-care.

Jawed Habib is not just a salon; it is an institution with a legacy of excellence in the hair and beauty industry. With over 550 salons spread across 24 countries, we have earned a reputation for our commitment to quality, innovation, and customer satisfaction. Our Madhepura branch upholds the same standards and is staffed with highly trained professionals who excel in their craft, ensuring that every client receives personalized attention and impeccable service.

As the premier unisex salon in Madhepura, Jawed Habib offers a comprehensive range of hair and beauty services tailored to meet the diverse needs and preferences of our esteemed clientele. From trendy haircuts and professional hair styling to hair color transformations, we have the expertise to bring your desired look to life. Our experienced stylists stay abreast of the latest trends and techniques, ensuring that you receive the most up-to-date services in the industry.

At Jawed Habib, we understand that healthy, lustrous hair is the foundation of great style. That's why we offer a range of hair treatments and therapies to nourish, repair, and revitalize your locks. From rejuvenating hair spas and deep conditioning treatments to keratin smoothing and hair extensions, our salon provides a comprehensive suite of services designed to enhance the health and beauty of your hair. Step into our salon, and let our experts transform your tresses into a crowning glory.

In addition to our exceptional hair services, Jawed Habib also offers a wide array of beauty services to cater to all your grooming needs. Our team of skilled beauticians is well-versed in the latest beauty trends and techniques, ensuring that you receive top-notch services that enhance your natural beauty. From flawless makeup applications and bridal packages to skin rejuvenation treatments and luxurious facials, our salon is your one-stop destination for all things beauty.

What sets Jawed Habib apart from other salons in Madhepura is our unwavering commitment to customer satisfaction. We prioritize the comfort and convenience of our clients, ensuring that every visit to our salon is a delightful experience. Our salon boasts a sophisticated and welcoming ambiance, where you can relax and unwind while our experts work their magic. We use only high-quality, internationally acclaimed products that are gentle on your skin and hair, leaving you with stunning results.

At Jawed Habib, we understand that your time is valuable. That's why we have designed our salon to provide efficient, streamlined services without compromising on quality. Our team of professionals works diligently to ensure that your appointments are punctual, and you receive the attention and care you deserve. From the moment you walk through our doors to the time you leave, our focus is on delivering an exceptional salon experience that exceeds your expectations.

To further enhance our clients' satisfaction, Jawed Habib offers a range of value-added services, including personalized consultations, expert advice on hair and beauty care, and maintenance tips to help you extend the life of your treatments.

&nbsp;

&nbsp;

&nbsp;

ALL TYPES OF HAIR CUT AND FACIAL HERE
IN HIGH BUDGET....MUST VISIT ONCE",KARPOORI CHOWK NEAR MAIN MARKET,917367948493,917367948493,9am opening time and closing time 9pm,,"Hair cut ,spaa ,facial, cleaning,masaz,Pedicure",,,,25.917104,86.790838,https://oldmedia.mymadhepura.com/wp-content/uploads/2023/05/IMG20230515123551-scaled.jpg,jawed-habib,https://mymadhepura.com/listing/jawed-habib/,2023-05-15,Published
Hotel Atithi,Hotels,"Hotel Atithi: Your Gateway to Comfort and Convenience in Madhepura

Welcome to Hotel Atithi, your premier destination for an unforgettable stay in Madhepura, Bihar. Nestled in the heart of the city, Hotel Atithi offers a perfect blend of warm hospitality, modern amenities, and a convenient location, making it the ideal choice for both business and leisure travelers. With our commitment to providing exceptional service and a comfortable atmosphere, we strive to ensure that every guest's stay is nothing short of remarkable.

Conveniently located near the bustling bus stand of Madhepura, Hotel Atithi offers easy access to all major attractions and transportation hubs in the district. Whether you're visiting for business meetings, exploring the vibrant culture of Madhepura, or embarking on a pilgrimage, our hotel's strategic location ensures that you're never far from your desired destination.

At Hotel Atithi, we understand the importance of a good night's sleep after a long day of travel or meetings. Our rooms and suites are designed with your comfort in mind, featuring plush bedding, contemporary furnishings, and a tranquil ambiance. Each room is equipped with modern amenities such as air conditioning, flat-screen televisions, complimentary Wi-Fi, and spacious en-suite bathrooms, ensuring that you have everything you need for a relaxing stay.

As a local business listing website focused on hotels in Madhepura, we take pride in offering a comprehensive directory of accommodations that cater to different preferences and budgets. Hotel Atithi stands out among the rest with its impeccable service and attention to detail. Our friendly and professional staff is always on hand to assist you with any requests or inquiries, ensuring that your stay with us is hassle-free and enjoyable.

For food enthusiasts, Hotel Atithi is a culinary haven. Our in-house restaurant serves a delectable array of regional and international cuisines, prepared by our talented chefs using the freshest ingredients. Indulge in the rich flavors of authentic Bihari cuisine, savor tantalizing North Indian dishes, or explore international flavors to suit your palate. Our restaurant provides a delightful dining experience, perfect for family gatherings, business lunches, or intimate dinners.

To further enhance your stay, Hotel Atithi offers a range of amenities and facilities designed to cater to your needs. Stay active and energized at our well-equipped fitness center, allowing you to maintain your workout routine even while traveling. If you're planning a special event or business meeting, our banquet halls and conference rooms provide the perfect venues, equipped with state-of-the-art audiovisual technology and attentive event planning services.

We understand that traveling can be stressful, especially when you're in an unfamiliar city. That's why Hotel Atithi offers a range of personalized services to make your stay as comfortable as possible. Our knowledgeable concierge team is available around the clock to assist you with travel arrangements, sightseeing recommendations, and any other requirements you may have.

By choosing Hotel Atithi, you can be confident that you're selecting one of the best accommodations in the region, with a proven track record of guest satisfaction and positive reviews.

In conclusion, Hotel Atithi is more than just a place to stay; it's an experience that combines comfort, convenience, and warm hospitality. Whether you're visiting Madhepura for business or pleasure, our hotel provides the perfect retreat to relax, recharge, and explore the rich cultural heritage of this vibrant district. Book your stay with us today.",KARPOORI CHOWK NEAR MAIN MARKET,918368842207,918368842207,,,All types of low budget and high budget rooms are available here AC/non AC,,,,25.917104,86.790838,https://oldmedia.mymadhepura.com/wp-content/uploads/2023/05/IMG20230515123505-scaled.jpg,hotel-atithi,https://mymadhepura.com/listing/hotel-atithi/,2023-05-15,Published
He &amp; She unisex saloon,Salons,"Hair cut , spaa, de-tan , Facial , cleaning ,


India' s best Hairr stylist are here ...",State Bank road Forteen's Cafe 852113,919279390639,919279390639,10am opening and closing time 9pm,,"Hair cut , Facial, cleaning",,,,25.917104,86.790838,https://oldmedia.mymadhepura.com/wp-content/uploads/2023/05/IMG20230515182242-scaled.jpg,he-she-unisex-saloon,https://mymadhepura.com/listing/he-she-unisex-saloon/,2023-05-16,Published
ANAND HOSPITAL,Hospitals,"All types of emergency services are available here. 
Dr.om prakash 
Dr.R.k pappu 
Dr.Rajni Rajan 

Heart , stomach and chest
ICU/NICU
DYBITIZE CARE CLINIC",By pass road near petrol pump,91000000,9100000,24x7,Sunday close,"Dr.om prakash , Dr. R.k pappu , Dr .Rajni Rajan",,,,25.917104,86.790838,https://oldmedia.mymadhepura.com/wp-content/uploads/2023/05/IMG20230515192226-scaled.jpg,anand-hospital,https://mymadhepura.com/listing/anand-hospital/,2023-05-16,Published
HOTEL GRAND HAVELI,Hotels,Rooms and marriage hall must visit once,COLLEGE CHOWK NEAR BOBBY NURSERY,9100000,9100000,All time open,,All types of low budget and high budget rooms are available here AC/non AC,,,,25.932916,86.795526,https://oldmedia.mymadhepura.com/wp-content/uploads/2023/05/IMG20230515175453-scaled.jpg,hotel-grand-haveli,https://mymadhepura.com/listing/hotel-grand-haveli/,2023-05-16,Published
MANKA CHAI MADHEPURA,Cafe,"Chaiii and coffee , cold drink must visit once 
Awesome test ❤️","Purani, Main Rd, Madhepura, Bihar 852113",917257925144,917257925144,,,Chai and Coffee,,,,25.933426,86.795412,https://oldmedia.mymadhepura.com/wp-content/uploads/2023/05/IMG20230515230849-scaled.jpg,manka-chai-madhepura,https://mymadhepura.com/listing/manka-chai-madhepura/,2023-05-16,Published
T . P college Madhepura,Colleges,T.P COLLEGE,COLLEGE chowk near petrol pump,910000000,91000000,9am opening time and closing time 8pm,,College,,,,25.933426,86.795412,https://oldmedia.mymadhepura.com/wp-content/uploads/2023/05/IMG20230515172107-scaled.jpg,t-p-college-madhepura,https://mymadhepura.com/listing/t-p-college-madhepura/,2023-05-16,Published
HOTEL THE GREEN HOUSE,Hotels,"ALL types of rooms are available here must once 

AC/NON AC",College chowk near shiv mandir Madhepura,918405842435,918405842435,All time,,All types of low budget and high budget rooms are available here AC/non AC,,,,25.933196,86.795474,https://oldmedia.mymadhepura.com/wp-content/uploads/2023/05/IMG20230515171814-scaled.jpg,hotel-the-green-house,https://mymadhepura.com/listing/hotel-the-green-house/,2023-05-16,Published
Delhi darbar Chicken Biryani corner,Restaurants,"Chicken biryani, chicken 🐔 kabab are the best must visit once soo 😋 yummy....",College chowk near shiv mandir Madhepura,918958294011,918449476366,9am opening time and closing time 9pm,,"Chicken biryani, chicken kabab ,",,,,25.933193,86.795475,https://oldmedia.mymadhepura.com/wp-content/uploads/2023/05/Screenshot_2023-05-16-14-41-05-59_3d9111e2d3171bf4882369f490c087b4.jpg,delhi-darbar-chicken-biryani-corner,https://mymadhepura.com/listing/delhi-darbar-chicken-biryani-corner/,2023-05-16,Published
HoTEL MANJU,Hostel,ALL types of low budget rooms are available here must visit once,College chowk near vegetables shop,919430964286,919430964286,10am opening and closing time 9pm,,Low budget rooms,,,,25.933426,86.795412,https://oldmedia.mymadhepura.com/wp-content/uploads/2023/05/Screenshot_2023-05-16-14-45-49-65_3d9111e2d3171bf4882369f490c087b4.jpg,hotel-manju,https://mymadhepura.com/listing/hotel-manju/,2023-05-16,Published
HOTEL GANGA,Hotels,Low budget rooms are available here must visit once,KARPOORI CHOWK NEAR MAIN MARKET,917654627767,917654627767,,,All types of low budget and high budget rooms are available here AC/non AC,,,,25.933109,86.795498,https://oldmedia.mymadhepura.com/wp-content/uploads/2023/05/Screenshot_2023-05-16-14-51-51-05_3d9111e2d3171bf4882369f490c087b4.jpg,hotel-ganga,https://mymadhepura.com/listing/hotel-ganga/,2023-05-16,Published
HOTEL MINU PALACE,Hotels,ALL types of rooms are available here must visit once,COLLEGE CHOWK NEAR BOBBY NURSERY,919304413719,919304413719,,,All types of low budget and high budget rooms are available here AC/non AC,,,,25.932916,86.795526,https://oldmedia.mymadhepura.com/wp-content/uploads/2023/05/Screenshot_2023-05-16-15-02-55-09_3d9111e2d3171bf4882369f490c087b4.jpg,hotel-minu-palace,https://mymadhepura.com/listing/hotel-minu-palace/,2023-05-16,Published
SINGESHWAR TEMPLE,Weeding,"LORD SHIVA TEMPLE 🙌
BAM BAM BHOLE",SINGESHWAR,,,,,All types of wishes are true here,,,,19.752045,85.212467,https://oldmedia.mymadhepura.com/wp-content/uploads/2023/05/IMG20230516174232-scaled.jpg,singeshwar-temple,https://mymadhepura.com/listing/singeshwar-temple/,2023-05-16,Published
MADHEPURA CHRISTIAN HOSPITAL,Hospitals,"PRAGNENT LADY'S HOSPITAL
X-ray
ICU
NI",Mission road near railway station,919431242584,919431242584,24x7,,"ICU , NICU , PRAGNENT LADY'S HOSPITAL X ray",,,,25.933167,86.795482,https://oldmedia.mymadhepura.com/wp-content/uploads/2023/05/Screenshot_2023-05-16-20-19-17-25_3d9111e2d3171bf4882369f490c087b4.jpg,madhepura-christian-hospital,https://mymadhepura.com/listing/madhepura-christian-hospital/,2023-05-16,Published
"JANNAYAK KARPOORI THAKUR ,MEDICAL COLLEGE AND HOSPITAL, MADHEPURA BIHAR",Hospitals,"EMERGENCY SERVICES
24X7 OPEN 
MEDICAL COLLEGE
HOSPITAL AND COLLEGE","Singeshwar road MaDhEpuRa,bihar",919472389981,919472389981,24x7,,"MEDICAL COLLEGE and HOSPITAL MADHEPURA, BIHAR",,,,25.93311,86.795497,https://oldmedia.mymadhepura.com/wp-content/uploads/2023/05/jktmch-madhepura.png,jannayak-karpoori-thakur-medical-college-and-hospital-madhepura-bihar,https://mymadhepura.com/listing/jannayak-karpoori-thakur-medical-college-and-hospital-madhepura-bihar/,2023-05-16,Published
ASHTHA MATERNITY,Doctors,"DR.LATA KUMARI 
DR.KUMAR KESHAV CHANDRA 

WOMEN'S AND INTERFERTILITY SPECIALIST",By pass road near petrol pump,919135576452,919135576452,9am opening time and closing time 9pm,,DR.LATA KUMARI (M.B.B.S PATNA) P.M.C.H women's doctor interfernity specialist,,,,25.933142,86.795488,https://oldmedia.mymadhepura.com/wp-content/uploads/2023/05/Screenshot_2023-05-16-20-43-25-06_3d9111e2d3171bf4882369f490c087b4.jpg,ashtha-maternity,https://mymadhepura.com/listing/ashtha-maternity/,2023-05-16,Published
GANGOTRI MEMORIAL HOSPITAL,Doctors,"DR NEERAJ KUMAR (MBBS)

KIDNEY TRANSPLANT SURGEON
ENDOUROLOGIST
ADVANCE LAPROSCOPIC",By pass road near patraha,919341420655,919341420655,9am opening time and closing time 9pm,,"Kidney transplant surgeon, Endourologist, adavance laproscopic,Uro oncologist",,,,25.917414,86.791591,https://oldmedia.mymadhepura.com/wp-content/uploads/2023/05/Screenshot_2023-05-16-20-50-54-68_3d9111e2d3171bf4882369f490c087b4.jpg,gangotri-memorial-hospital,https://mymadhepura.com/listing/gangotri-memorial-hospital/,2023-05-16,Published
THE ROOP TOP RESTAURANT,Restaurants,"BURGER , NOODLES, CHOWMEIN,PANNER PARATHA, COLD COFFEE , SAHI PANNER 
FAST FOOD ALL ITEMS BEST FOOD 😁

MUST VISIT ONCE 🙏",College chowk near gollambar,9100000,9100000,9am opening time and closing time 9pm,,"BURGER , CHOWMEIN,AALU PARATHA,COLD COFFEE, COLD DRINK,",,,,25.932916,86.795526,https://oldmedia.mymadhepura.com/wp-content/uploads/2023/05/Screenshot_2023-05-16-23-19-27-67_3d9111e2d3171bf4882369f490c087b4.jpg,the-roop-top-restaurant,https://mymadhepura.com/listing/the-roop-top-restaurant/,2023-05-16,Published
CHAMPARAN MUTTON HOUSE,Restaurants,"MUTTON HANDI 
FULL- 1000💸
HALF- 500💸
TAWA ROTI- 5💸PIECE
STREAM RICE-40💸
JEERA RICE - 60💸",College chowk near gollambar,919110094153,919110094153,9am opening time and closing time 9pm,,MUTTON HANDI,,,,25.933157,86.795484,https://oldmedia.mymadhepura.com/wp-content/uploads/2023/05/Screenshot_2023-05-16-23-36-02-28_3d9111e2d3171bf4882369f490c087b4.jpg,champaran-mutton-house,https://mymadhepura.com/listing/champaran-mutton-house/,2023-05-16,Published
ZAIKA FAMILY RESTAURANT,Restaurants,All types of food are available here must visit oncw,Main market V-MART,91000000,910000000,9am opening time and closing time 10pm,,"Veg Manchurian, paneer chili ,veg chili, veg chili, Chicken chilli, chicken lolipop,chicken biryani, chicken butter masala",,,,25.933142,86.795489,https://oldmedia.mymadhepura.com/wp-content/uploads/2023/05/Screenshot_2023-05-16-23-45-04-97_3d9111e2d3171bf4882369f490c087b4.jpg,zaika-family-restaurant,https://mymadhepura.com/listing/zaika-family-restaurant/,2023-05-16,Published
MADHEPURA CANTEEN,Restaurants,All simple khana are available here,Near bus stand,917903358754,917903358754,9am opening time and closing time 9pm,,"Daal,chawal,sabji ,papar,",,,,25.933426,86.795412,https://oldmedia.mymadhepura.com/wp-content/uploads/2023/05/Screenshot_2023-05-16-23-51-48-08_3d9111e2d3171bf4882369f490c087b4.jpg,madhepura-canteen,https://mymadhepura.com/listing/madhepura-canteen/,2023-05-16,Published
CHAI ADDA,Cafe,"CHAI AND COFFEE ARE THE BEST ❤️

MUST VISIT ONCE",College chowk near UB BIOLOGY CLASSES,918404903140,918404903140,9am opening time and closing time 9pm,,CHAI AND COFFEE,,,,25.932099,86.795598,https://oldmedia.mymadhepura.com/wp-content/uploads/2023/05/IMG20230517115352-scaled.jpg,chai-adda,https://mymadhepura.com/listing/chai-adda/,2023-05-17,Published
Tommy's tail pet clinic,Doctors,Dog's clinic all types of dog's are treatment here,State Bank road near patanjali shop Madhepura 852113,917488006646,917488006646,9am opening time and closing time 9pm,,Dog's clinic,,,,25.917104,86.790838,https://oldmedia.mymadhepura.com/wp-content/uploads/2023/05/IMG20230514184951-scaled.jpg,tommys-tail-pet-clinic,https://mymadhepura.com/listing/tommys-tail-pet-clinic/,2023-05-17,Published
NEW FASHNEBUL TRAILORS,Tailors,TAILORS SHOP,College chowk near shiv mandir Madhepura,918306255448,918306255448,9am opening time and closing time 9pm,,"Tailor shop, peticot, wowen tailor, blouse",,,,25.932535,86.795561,https://oldmedia.mymadhepura.com/wp-content/uploads/2023/05/IMG20230517130113-scaled.jpg,new-fashnebul-trailors,https://mymadhepura.com/listing/new-fashnebul-trailors/,2023-05-17,Published
Dr. Mukesh Kumar,Doctors,X-ray,College chowk near shiv mandir Madhepura,919304260161,919304260161,,Sunday,"(MBBS) (MGIMS) WARdha x-ray ,",,,,25.933146,86.795487,https://oldmedia.mymadhepura.com/wp-content/uploads/2023/05/IMG20230517130612-scaled.jpg,dr-mukesh-kumar,https://mymadhepura.com/listing/dr-mukesh-kumar/,2023-05-17,Published
SANTOSH JEANS AND FASHION COLLECTION,Fashion,"All types of Jean's, shirts , loosers, hoodies are here must visit oNCe 🙏",College chowk near shiv mandir Madhepura,918936875537,918936845537,10am opening and closing time 9pm,,"Shirt, jeans, loosers,",,,,25.932916,86.795526,https://oldmedia.mymadhepura.com/wp-content/uploads/2023/05/IMG20230517125925-scaled.jpg,santosh-jeans-and-fashion-collection,https://mymadhepura.com/listing/santosh-jeans-and-fashion-collection/,2023-05-17,Published
GAHNA JWELLERS,Others,"Gold , silver coins, gold chains , jwellery,mangalsutra ,",College chowk near shiv mandir Madhepura,919524658930,919524658930,10am opening and closing time 9pm,,"GOLD,SILVER,CHAINS ,ARE HERE",,,,25.933139,86.795489,https://oldmedia.mymadhepura.com/wp-content/uploads/2023/05/IMG20230517125654-scaled.jpg,gahna-jwellers,https://mymadhepura.com/listing/gahna-jwellers/,2023-05-17,Published
Santosh men's parlour,Salons,"Men's saloon

All types of hair cutting ✂️ are here
Must visit once.... lowest price",College chowk near gahna jwellers,917282850035,917282850035,9am opening time and closing time 9pm,,Men's saloon,,,,25.932916,86.795526,https://oldmedia.mymadhepura.com/wp-content/uploads/2023/05/IMG20230517125809-scaled.jpg,santosh-mens-parlour,https://mymadhepura.com/listing/santosh-mens-parlour/,2023-05-17,Published
FIZA DRUG STORE,Doctors,All types of medicine are here must visit once,College chowk near shiv mandir Madhepura,918405870146,918405870146,9am opening time and closing time 9pm,,"Dolo,ac-lock,painkiller,vix, authentic cream for scars, Dettol, handiplast",,,,25.933426,86.795412,https://oldmedia.mymadhepura.com/wp-content/uploads/2023/05/IMG_20230517_215552.jpg,fiza-drug-store,https://mymadhepura.com/listing/fiza-drug-store/,2023-05-17,Published
ORAL DENTAL CLINIC,Dentists,DENTAL CLINIC,College chowk near vegetables shop,916476291029,916476291029,,Sunday close,Teeth clinic,,,,25.933896,86.795264,https://oldmedia.mymadhepura.com/wp-content/uploads/2023/05/IMG20230517120459-scaled.jpg,oral-dental-clinic,https://mymadhepura.com/listing/oral-dental-clinic/,2023-05-17,Published
SBI BRANCH,Banquets,"Bank 
Sunday close",College chowk near champaran mutton house,9118001234,9118001234,,Sunday close,YONO BANK SBI,,,,25.933896,86.795264,https://oldmedia.mymadhepura.com/wp-content/uploads/2023/05/IMG20230517123949-scaled.jpg,sbi-branch,https://mymadhepura.com/listing/sbi-branch/,2023-05-17,Published
SONY WATCH CENTRE AND GENERAL STORE,Wrist Watch Repair &amp,Watches and goggles,COLLEGE chowk near petrol pump,917004394720,917004394720,9am opening time and closing time 9pm,,"Watches, Goggles,",,,,25.933601,86.795364,https://oldmedia.mymadhepura.com/wp-content/uploads/2023/05/IMG20230517122729-scaled.jpg,sony-watch-centre-and-general-store,https://mymadhepura.com/listing/sony-watch-centre-and-general-store/,2023-05-18,Published
SONY ELECTRONIC,Others,All types of electronic items are here,College chowk near shiv mandir Madhepura,919801638920,919801638920,10am opening and closing time 9pm,,"Fan,cooler,bulb,wires,led lights,",,,,25.932399,86.795573,https://oldmedia.mymadhepura.com/wp-content/uploads/2023/05/IMG_20230518_001654.jpg,sony-electronic,https://mymadhepura.com/listing/sony-electronic/,2023-05-18,Published
HOTEL ANNU PALACE,Hotels,Room's are available here must visit once,College chowk near shiv mandir Madhepura,918542034950,918542034950,,,All types of low budget and high budget rooms are available here AC/non AC,,,,25.917104,86.790838,https://oldmedia.mymadhepura.com/wp-content/uploads/2023/05/IMG20230517124227-scaled.jpg,hotel-annu-palace,https://mymadhepura.com/listing/hotel-annu-palace/,2023-05-18,Published
YADAV JEANS SHOP,Fashion,"Jean's, shirts,bleaser are here must visit once",Purani bazar MaDhEpuRa,917050559965,917050559965,9am opening time and closing time 9pm,,"Jeans, shirts,",,,,25.917104,86.790838,https://oldmedia.mymadhepura.com/wp-content/uploads/2023/05/IMG20230517125805-scaled.jpg,yadav-jeans-shop,https://mymadhepura.com/listing/yadav-jeans-shop/,2023-05-18,Published
JANTA MEDICAL HALL,Doctors,"English and ayurvedic medicine are here 
MUST visit once.",Purani bazar MaDhEpuRa,919534859620,919534859620,10am opening and closing time 9pm,Sunday close,English and ayurvedic medicine,,,,25.917104,86.790838,https://oldmedia.mymadhepura.com/wp-content/uploads/2023/05/IMG20230517125359-scaled.jpg,janta-medical-hall,https://mymadhepura.com/listing/janta-medical-hall/,2023-05-18,Published
ROSHNI GARMENTS,Fashion,"Boys'jeans, shirts, kids top ,girls jeans ,",Purani bazar MaDhEpuRa,918298427129,918298427129,,Sunday close,All types of cloths are here,,,,25.917104,86.790838,https://oldmedia.mymadhepura.com/wp-content/uploads/2023/05/IMG20230517125345-scaled.jpg,roshni-garments,https://mymadhepura.com/listing/roshni-garments/,2023-05-18,Published
RADHE RADHE,Fashion,"Lady's cloth , boys cloth , girls cloth, kids wears are here in lowest price...

Must visit once",College chowk near shiv mandir Madhepura,919524856980,919524856980,10am opening and closing time 9pm,,"Boys'jeans, shirts, kids wear ,girls wear",,,,25.917104,86.790838,https://oldmedia.mymadhepura.com/wp-content/uploads/2023/05/IMG20230517125021-scaled.jpg,radhe-radhe,https://mymadhepura.com/listing/radhe-radhe/,2023-05-18,Published
BANARASI BUJA AND SATTU DUKAN,Cafe,Buja and sattu shop,College chowk near shiv mandir Madhepura,919695176820,919695176820,10am opening and closing time 9pm,Saturday close,"BANARASI BUJA , SATTU DUKAN",,,,25.917104,86.790838,https://oldmedia.mymadhepura.com/wp-content/uploads/2023/05/IMG20230517123705-scaled.jpg,banarasi-buja-and-sattu-dukan,https://mymadhepura.com/listing/banarasi-buja-and-sattu-dukan/,2023-05-18,Published
MONA DRESSES,Fashion,Boys and girls wears are here,College chowk near shiv mandir Madhepura,917631712917,917631712917,10am opening and closing time 9pm,,"Boys , girls wears in low price",,,,25.917104,86.790838,https://oldmedia.mymadhepura.com/wp-content/uploads/2023/05/IMG20230517124129-scaled.jpg,mona-dresses,https://mymadhepura.com/listing/mona-dresses/,2023-05-18,Published
BIKANER SWEETS,Fashion,"Samosha, kachori, rasgulla, cold drink",College chowk near gollambar,919464212501,919464212501,10am opening and closing time 9pm,,"Samsosha, kachori, rasgulla ,",,,,25.917104,86.790838,https://oldmedia.mymadhepura.com/wp-content/uploads/2023/05/IMG20230517123834-scaled.jpg,bikaner-sweets,https://mymadhepura.com/listing/bikaner-sweets/,2023-05-18,Published
SONALI BEAUTY PARLOUR,Salons,"Hair cut , facial, beauty parlour",College chowk near shiv mandir Madhepura,918092055971,918092055971,10am opening and closing time 9pm,,"Hair cut, facial, beauty products",,,,25.917104,86.790838,https://oldmedia.mymadhepura.com/wp-content/uploads/2023/05/IMG20230517125058-scaled.jpg,sonali-beauty-parlour,https://mymadhepura.com/listing/sonali-beauty-parlour/,2023-05-18,Published
LASSI CORNER,Cafe,LASSI CORNER,College chowk near shiv mandir Madhepura,919973333075,919973333075,9am opening time and closing time 9pm,,Lassi corner,,,,25.917104,86.790838,https://oldmedia.mymadhepura.com/wp-content/uploads/2023/05/IMG20230517123856-scaled.jpg,lassi-corner,https://mymadhepura.com/listing/lassi-corner/,2023-05-18,Published
TRIDEV COMUNICATION,Opticians,"Charger, cables, mobiles , cover , USB , DATA CABLE",College chowk near shiv mandir Madhepura,919608569393,919608569393,9am opening time and closing time 9pm,,"Charger, mobiles cover, cable",,,,25.916561,86.789317,https://oldmedia.mymadhepura.com/wp-content/uploads/2023/05/IMG20230517123636-scaled.jpg,tridev-comunication,https://mymadhepura.com/listing/tridev-comunication/,2023-05-18,Published
HOTEL KHUSHI,Hotels,"SAMSOSHA , KACHORI, COLD DRINKS",College chowk,919955373735,919955373735,,,"Samosha , kachori , Dahi , zalabii,",,,,25.934501,86.795301,https://oldmedia.mymadhepura.com/wp-content/uploads/2023/05/IMG20230517123124-scaled.jpg,hotel-khushi,https://mymadhepura.com/listing/hotel-khushi/,2023-05-19,Published
MADHEPURA CAKE PALACE,Others,"CAKE  , COLDDRINK ,PASTIE , BURGER , COLD WATER",College chowk near TP COLLEGE,919155655135,919155655135,9am opening time and closing time 9pm,,"CAKE ,PASTIE ,BURGER, COLD DRINK",,,,25.917104,86.790838,https://oldmedia.mymadhepura.com/wp-content/uploads/2023/05/IMG20230517120545-scaled.jpg,madhepura-cake-palace,https://mymadhepura.com/listing/madhepura-cake-palace/,2023-05-19,Published
BABAJI WASHNAV HOTEL,Restaurants,SAMOSHA KACHORI COLD DRINKS,College chowk near gollambar,919934000653,919934000653,,,"SAMOSHA , KACHORI , COLD DRINKS",,,,25.917104,86.790838,https://oldmedia.mymadhepura.com/wp-content/uploads/2023/05/IMG20230517123257-scaled.jpg,babaji-washnav-hotel,https://mymadhepura.com/listing/babaji-washnav-hotel/,2023-05-19,Published
ARTI PRINTING PREAA,Grocery,"Online ticket, online forms, paper , online application, form fill up OnLiNe, net banking,",College chowk near shiv mandir Madhepura,918521199090,918521199090,9am opening time and closing time 9pm,,"Colour printing, paper , online application apply, form apply, online ticket , online payment",,,,25.933426,86.795412,https://oldmedia.mymadhepura.com/wp-content/uploads/2023/05/IMG20230519155826-scaled.jpg,arti-printing-preaa,https://mymadhepura.com/listing/arti-printing-preaa/,2023-05-19,Published
WISDOM,Hostel,Coaching for boys and girls,College chowk near PhD road,917282893700,91728289700,9am opening time and closing time 7pm,Sunday close,Coaching for 9 to 12th batches,,,,25.933426,86.795412,https://oldmedia.mymadhepura.com/wp-content/uploads/2023/05/IMG20230519155819-scaled.jpg,wisdom,https://mymadhepura.com/listing/wisdom/,2023-05-19,Published
प्रखंड सह अंचल कार्याल,Colleges,"Government works , and election office",BOBBY NURSERY ROAD NEAR COLLEGE Chowk,9100000,9100000,10am opening and closing time 8pm,,GOVERNMENT WORKS,,,,25.933426,86.795412,https://oldmedia.mymadhepura.com/wp-content/uploads/2023/05/IMG20230519155726-scaled.jpg,%e0%a4%aa%e0%a5%8d%e0%a4%b0%e0%a4%96%e0%a4%82%e0%a4%a1-%e0%a4%b8%e0%a4%b9-%e0%a4%85%e0%a4%82%e0%a4%9a%e0%a4%b2-%e0%a4%95%e0%a4%be%e0%a4%b0%e0%a5%8d%e0%a4%af%e0%a4%be%e0%a4%b2,https://mymadhepura.com/listing/%e0%a4%aa%e0%a5%8d%e0%a4%b0%e0%a4%96%e0%a4%82%e0%a4%a1-%e0%a4%b8%e0%a4%b9-%e0%a4%85%e0%a4%82%e0%a4%9a%e0%a4%b2-%e0%a4%95%e0%a4%be%e0%a4%b0%e0%a5%8d%e0%a4%af%e0%a4%be%e0%a4%b2/,2023-05-19,Published
KISOR WASHNAV HOTEL (RESTURANT),Restaurants,WASHNAV all foods are available here ...must visit once,BOBBY NURSERY Road near BUPENDRA NARAYAN COLLAGE,916206653775,916206653775,10am opening and closing time 9pm,,"Samsosha ,kachori ,zalabii ,rasgulla",,,,25.933426,86.795412,https://oldmedia.mymadhepura.com/wp-content/uploads/2023/05/IMG20230519155349-scaled.jpg,kisor-washnav-hotel-resturant,https://mymadhepura.com/listing/kisor-washnav-hotel-resturant/,2023-05-19,Published
Oleee oleee MELE BABU NE THANA THAYA (RESTAURANT),Restaurants,"Must visit once 

Only veg 

Awesome test",Gosala chowk near B.N.M.U COLLEGE,916284755464,,9am opening time and closing time 9pm,,"Daal ,chawal ,papar ,ghee,sabjii",,,,25.932916,86.795526,https://oldmedia.mymadhepura.com/wp-content/uploads/2023/05/IMG20230519155317-scaled.jpg,oleee-oleee-mele-babu-ne-thana-thaya-restaurant,https://mymadhepura.com/listing/oleee-oleee-mele-babu-ne-thana-thaya-restaurant/,2023-05-19,Published
B.N.M.U UNIVERSITY,Colleges,B.N.M.U (BUPENDRA NARAYAN MANDAL UNIVERSITY,Goushala chowk,916204604539,916204604539,,,"Exam important,",,,,25.932916,86.795526,https://oldmedia.mymadhepura.com/wp-content/uploads/2023/05/IMG20230519155109-scaled.jpg,b-n-m-u-university,https://mymadhepura.com/listing/b-n-m-u-university/,2023-05-19,Published
DARJEELING PUBLIC SCHOOL,Schools,Nursery to 10+2 school,Goushala chowk near Krishna mandir,919472533451,919472533451,8am opening time and 1pm close,,Schools nursery to 10+2,,,,25.933426,86.795412,https://oldmedia.mymadhepura.com/wp-content/uploads/2023/05/IMG20230519153137-scaled.jpg,darjeeling-public-school,https://mymadhepura.com/listing/darjeeling-public-school/,2023-05-19,Published
S.A.K.N.D College MADHEPURA,Colleges,संत अवध कॉलेज मधेपुरा,Singeshwar road near Nanhe kadam play school,919431440847,919431440847,9am opening time and closing time 3pm,,COLLEGE,,,,25.933426,86.795412,https://oldmedia.mymadhepura.com/wp-content/uploads/2023/05/IMG20230519152814-scaled.jpg,s-a-k-n-d-college-madhepura,https://mymadhepura.com/listing/s-a-k-n-d-college-madhepura/,2023-05-19,Published
M.I academy MADHEPURA,Training Institute,"Class 6th to 12th ( CBSE AND BSEB) 

CTET , STET, GNM ,ITI ,ED , POLYTECHNIC",Near sant awad college,919570271688,919570271688,9am opening time and closing time 2pm close,,Education,,,,25.933134,86.795491,https://oldmedia.mymadhepura.com/wp-content/uploads/2023/05/IMG20230519152705-scaled.jpg,m-i-academy-madhepura,https://mymadhepura.com/listing/m-i-academy-madhepura/,2023-05-19,Published
NANHE KADAM PLAY SCHOOL,Schools,"Junior play school for class
Nursery
Juniors k.G
Senior K.G
Std 1
Std 2
Std 3
Std 4
Std 5",Sant awad college near MaDhEpuRa,919162286733,919162286733,7am to 1pm,Sunday close,Kids play schools,,,,25.93312,86.795494,https://oldmedia.mymadhepura.com/wp-content/uploads/2023/05/IMG20230519152632-1-scaled.jpg,nanhe-kadam-play-school,https://mymadhepura.com/listing/nanhe-kadam-play-school/,2023-05-19,Published
जय बाबा सिंगेश्वर वाष्णव होटल,Restaurants,For simple food,Sant awad chowk MaDhEpuRa,917542972376,917542972376,9am opening time and closing time 9pm,,"Hamare yaha khana littti , samosha ,sattu and water",,,,25.933426,86.795412,https://oldmedia.mymadhepura.com/wp-content/uploads/2023/05/IMG20230519152446-scaled.jpg,%e0%a4%9c%e0%a4%af-%e0%a4%ac%e0%a4%be%e0%a4%ac%e0%a4%be-%e0%a4%b8%e0%a4%bf%e0%a4%82%e0%a4%97%e0%a5%87%e0%a4%b6%e0%a5%8d%e0%a4%b5%e0%a4%b0-%e0%a4%b5%e0%a4%be%e0%a4%b7%e0%a5%8d%e0%a4%a3%e0%a4%b5,https://mymadhepura.com/listing/%e0%a4%9c%e0%a4%af-%e0%a4%ac%e0%a4%be%e0%a4%ac%e0%a4%be-%e0%a4%b8%e0%a4%bf%e0%a4%82%e0%a4%97%e0%a5%87%e0%a4%b6%e0%a5%8d%e0%a4%b5%e0%a4%b0-%e0%a4%b5%e0%a4%be%e0%a4%b7%e0%a5%8d%e0%a4%a3%e0%a4%b5/,2023-05-20,Published
Dr. Herendra kumar,Doctors,"Born baby , treatment",Sant awad chowk,919473155078,919473155078,9am opening time and closing time 6pm,,Born bby treatment are here,,,,25.933426,86.795412,https://oldmedia.mymadhepura.com/wp-content/uploads/2023/05/IMG20230519152307-scaled.jpg,dr-herendra-kumar,https://mymadhepura.com/listing/dr-herendra-kumar/,2023-05-20,Published
Dr.Ramesh kumar yadav,Doctors,Homeopathy physician medicine 💊,"Singeshwar road MaDhEpuRa,bihar",919939484011,919939484011,,,Homeopathy physician,,,,25.933601,86.795364,https://oldmedia.mymadhepura.com/wp-content/uploads/2023/05/IMG20230519152221-scaled.jpg,dr-ramesh-kumar-yadav,https://mymadhepura.com/listing/dr-ramesh-kumar-yadav/,2023-05-20,Published
Dev shastri hospital,Doctors,"Dr.sanjeev kumar bharti
MBBS, MS (GENERAL SURGERY)
NMCH,(PATNA)
Senior resident-
Medical College Madhepura",Near Kiran public school ward no 4,919709510555,919709510555,9am opening time and closing time 6pm,Sunday close,General surgery,,,,25.92483,86.786438,https://oldmedia.mymadhepura.com/wp-content/uploads/2023/05/IMG20230519151945-scaled.jpg,dev-shastri-hospital,https://mymadhepura.com/listing/dev-shastri-hospital/,2023-05-20,Published
Durga Marvel and tiles store,Home Decor,Tiles and marvels are the best,Near Kiran public school ward no 4,919278896383,919278896383,9am opening time and closing time 9pm,,Tiles and Marvel,,,,25.932916,86.795526,https://oldmedia.mymadhepura.com/wp-content/uploads/2023/05/IMG20230519151602-scaled.jpg,durga-marvel-and-tiles-store,https://mymadhepura.com/listing/durga-marvel-and-tiles-store/,2023-05-20,Published
PRAGATI PUBLIC SCHOOL,Schools,"Class - play to 8th cbse school 

Must visit once",Near Kiran public school ward no 4,918002065502,918002065502,8am opening time and 1pm close,,Class - play to 8th (CBSE),,,,25.933624,86.795356,https://oldmedia.mymadhepura.com/wp-content/uploads/2023/05/IMG20230519151442-scaled.jpg,pragati-public-school,https://mymadhepura.com/listing/pragati-public-school/,2023-05-20,Published
Dr. Anand lab,Doctors,MICROBIOLOGIST,Near Kiran public school ward no 4,917485867275,,,,MBBS (MICROBIOLOGY LAB),,,,25.932916,86.795526,https://oldmedia.mymadhepura.com/wp-content/uploads/2023/05/IMG20230519151202-scaled.jpg,dr-anand-lab,https://mymadhepura.com/listing/dr-anand-lab/,2023-05-20,Published
Kiran public school,Schools,10+ 2 school,Singeshwar road,919471692986,919471692986,,Sunday close,10+2 senior school,,,,25.933426,86.795412,https://oldmedia.mymadhepura.com/wp-content/uploads/2023/05/IMG20230519150953-scaled.jpg,kiran-public-school,https://mymadhepura.com/listing/kiran-public-school/,2023-05-20,Published
Savitri paper house and Saadi card,Printing Press,Printing press and sAdiii card,Nh131 ، 852113 Madhepura، India,,,,,,,,,25.933426,86.795412,https://oldmedia.mymadhepura.com/wp-content/uploads/2023/05/IMG20230519150627-scaled.jpg,savitri-paper-house-and-saadi-card,https://mymadhepura.com/listing/savitri-paper-house-and-saadi-card/,2023-05-20,Published
FRANKE FABER,Banquets,"FIBER INDUCTION, FIBER HOMETHEATER , 
AND MANY MORE ITEMS,MADHEPURA",By pass road near petrol pump,918572394680,918572394680,9am opening time and closing time 9pm,,"FIBER induction , Home theatre",,,,25.933168,86.795481,https://oldmedia.mymadhepura.com/wp-content/uploads/2023/05/IMG20230519150528-scaled.jpg,franke-faber,https://mymadhepura.com/listing/franke-faber/,2023-05-20,Published
A-one biology classes,Education,"Biology 11th 12th 
Science 9th 10th",College chowk near by pass road,918877643047,918877643047,9am opening time and closing time 9pm,,Biology 11th and 12th science 9th § 10th,,,,25.933168,86.795481,https://oldmedia.mymadhepura.com/wp-content/uploads/2023/05/IMG20230519150508-scaled.jpg,a-one-biology-classes,https://mymadhepura.com/listing/a-one-biology-classes/,2023-05-20,Published
PRESTIGE,Others,Only prestige item are available here,By pass road,919431412129,919431412129,,Sunday close,"Cooker, jug , only prestige item are available here",,,,25.933896,86.795264,https://oldmedia.mymadhepura.com/wp-content/uploads/2023/05/IMG20230519145829-scaled.jpg,prestige,https://mymadhepura.com/listing/prestige/,2023-05-21,Published
DEZIRE,Fashion,Must visit once,Purani bazar near foot point,918548291460,918548291460,9am opening time and closing time 9pm,,"Boys, jeans, shirts, denims, jacket, half pent",,,,25.933175,86.79548,https://oldmedia.mymadhepura.com/wp-content/uploads/2023/05/IMG20230521114326-1-scaled.jpg,dezire,https://mymadhepura.com/listing/dezire/,2023-05-21,Published
Hindustan steel and industries,Fashion,Steel dukan,Purani bazar main road,919570441910,919570441910,9am opening time and closing time 9pm,,"Trunk,Godrage,baksha,kothi,meetcase,dram",,,,25.933159,86.795484,https://oldmedia.mymadhepura.com/wp-content/uploads/2023/05/IMG20230521114121-scaled.jpg,hindustan-steel-and-industries,https://mymadhepura.com/listing/hindustan-steel-and-industries/,2023-05-21,Published
New Hindustan steel works industries,Grocery,Best steel,Purani bazar MaDhEpuRa,919570441910,919570441910,9am opening time and closing time 9pm,,"Baksha, kothi,Godrage ,etc",,,,25.933652,86.795347,https://oldmedia.mymadhepura.com/wp-content/uploads/2023/05/IMG20230521114103-scaled.jpg,new-hindustan-steel-works-industries,https://mymadhepura.com/listing/new-hindustan-steel-works-industries/,2023-05-21,Published
Sunil Makeup palace and gift corner,Fashion,"All makeup products are available here 
And gifts are also available here",Purani bazar main road MaDhEpuRa,9100000,91000000,9am opening time and closing time 9pm,,"Gifts , and make-up products",,,,25.933652,86.795347,https://oldmedia.mymadhepura.com/wp-content/uploads/2023/05/IMG20230521113905-scaled.jpg,sunil-makeup-palace-and-gift-corner,https://mymadhepura.com/listing/sunil-makeup-palace-and-gift-corner/,2023-05-21,Published
PAWAN HANS EYE CLINIC,Doctors,"Dr zahid aktar and Dr Sanjay Kumar
Eye surgeon",Chaiti Durga chowk by-pass road ward no 7,919572188936,919572188936,9am opening time and closing time 7pm,,Eye clinic,,,,25.932535,86.795561,https://oldmedia.mymadhepura.com/wp-content/uploads/2023/05/IMG20230519145630-scaled.jpg,pawan-hans-eye-clinic,https://mymadhepura.com/listing/pawan-hans-eye-clinic/,2023-05-21,Published
RADIANT PUBLIC SCHOOL,Schools,Nursery to 8th cbse school,Near sant awad,919534749032,91953479032,,Sunday close,Nursery to 8th classes here CBSE SCHOOL,,,,25.932399,86.795573,https://oldmedia.mymadhepura.com/wp-content/uploads/2023/05/IMG20230519145522-scaled.jpg,radiant-public-school,https://mymadhepura.com/listing/radiant-public-school/,2023-05-21,Published
S.S.V PLAZA HOSPITAL,Doctors,Hospital 24×7 emergency services,By pass road near petrol pump,919110913174,919110913174,24x7,,"ICU , CCU ,NICU, PICU 24×7 SERVICE AVAILABLE",,,,25.932399,86.795573,https://oldmedia.mymadhepura.com/wp-content/uploads/2023/05/IMG20230519145454-scaled.jpg,s-s-v-plaza-hospital,https://mymadhepura.com/listing/s-s-v-plaza-hospital/,2023-05-21,Published
ONE TRACT COACHING,Education,All subjects coaching centre,By pass road,919304550245,919304550245,9am opening time and closing time 9pm,,"Class 6,7,8,9,10 CBSE ,BSEB,ICSE COACHING",,,,25.932399,86.795573,https://oldmedia.mymadhepura.com/wp-content/uploads/2023/05/IMG20230519145320-scaled.jpg,one-tract-coaching,https://mymadhepura.com/listing/one-tract-coaching/,2023-05-21,Published
VRINDAVAN HOSPITAL,Hospitals,"Dr Barun kumar

Dr.rasmi bharti (MBBS)",By pass road near petrol pump,919386045452,919386045452,9am opening time and closing time 8pm,,"Men's,and women's doctor",,,,25.932399,86.795573,https://oldmedia.mymadhepura.com/wp-content/uploads/2023/05/IMG20230519145229-scaled.jpg,vrindavan-hospital,https://mymadhepura.com/listing/vrindavan-hospital/,2023-05-21,Published
AYUSH NURSING HOME,Hospitals,Emergency hospital,By pass road near petrol pump,918877210832,918877210832,24hours,,24 hours ambulance services available,,,,25.932399,86.795573,https://oldmedia.mymadhepura.com/wp-content/uploads/2023/05/IMG20230519144224-scaled.jpg,ayush-nursing-home,https://mymadhepura.com/listing/ayush-nursing-home/,2023-05-21,Published
Car accessories,Automobile,Car accessories shop,By pass road near petrol pump,917992416278,917992146278,9am opening time and closing time 10pm,,Car all accessories,,,,25.932399,86.795573,https://oldmedia.mymadhepura.com/wp-content/uploads/2023/05/IMG20230519144051-scaled.jpg,car-accessories,https://mymadhepura.com/listing/car-accessories/,2023-05-21,Published
NEW BUS STAND,Cabs &amp,New bus stand MADHEPURA,By pass road saharsha wali road,9100000,9100000,24hours,,"Bus,and cabs are here",,,,25.932399,86.795573,https://oldmedia.mymadhepura.com/wp-content/uploads/2023/05/IMG20230519143707-scaled.jpg,new-bus-stand,https://mymadhepura.com/listing/new-bus-stand/,2023-05-21,Published
HOTEL HEMCHANDRA PALACE,Hotels,Good service,Sahara wali road near jawed clinic,918572193460,918572193460,,,All types of low budget and high budget rooms are available here AC/non AC,,,,25.917104,86.790838,https://oldmedia.mymadhepura.com/wp-content/uploads/2023/05/IMG20230519143536-scaled.jpg,hotel-hemchandra-palace,https://mymadhepura.com/listing/hotel-hemchandra-palace/,2023-05-23,Published
TVS SHOWROOM,Showrooms,TVS SHOWROOM ALL TVS BIKES ARE AVAILABLE HERE,Bypass road,917250698039,917250698039,10am opening and closing time 9pm,,Bikes,,,,25.917104,86.790838,https://oldmedia.mymadhepura.com/wp-content/uploads/2023/05/IMG20230523213621-scaled.jpg,tvs-showroom,https://mymadhepura.com/listing/tvs-showroom/,2023-05-23,Published
SUBHMANGLAM MARRIAGE HALL,Hotels,Marriage hall,Japalpati chowk Madhepura,919582205552,919582205552,24hours,,"Saadi , reception , birthday party ,saminar, anniversary party",,,,25.917104,86.790838,https://oldmedia.mymadhepura.com/wp-content/uploads/2023/05/IMG20230523213609-scaled.jpg,subhmanglam-marriage-hall,https://mymadhepura.com/listing/subhmanglam-marriage-hall/,2023-05-23,Published
Car King Accessories,Automobile,Car accessories,Japalpati chowk Madhepura,919528093450,919528093450,10am opening and closing time 9pm,,Car accessories shop,,,,25.917104,86.790838,https://oldmedia.mymadhepura.com/wp-content/uploads/2023/05/IMG20230523213509-scaled.jpg,car-king-accessories,https://mymadhepura.com/listing/car-king-accessories/,2023-05-23,Published
B.N MANDAL STADIUM MADHEPURA,Others,Stadium,Near children park,910000,910000,6pm opening time and 9pm close,,Stadium,,,,25.917104,86.790838,https://oldmedia.mymadhepura.com/wp-content/uploads/2023/05/IMG20230523213340-scaled.jpg,b-n-mandal-stadium-madhepura,https://mymadhepura.com/listing/b-n-mandal-stadium-madhepura/,2023-05-23,Published
Nagar parisad MaDhEpuRa,Government,Nagar parishad Madhepura Bihar,Near bus stand Madhepura,910000,9100000,9am opening time and closing time 6pm,,Nagar parishad,,,,,,https://oldmedia.mymadhepura.com/wp-content/uploads/2023/05/IMG20230523213237-scaled.jpg,nagar-parisad-madhepura,https://mymadhepura.com/listing/nagar-parisad-madhepura/,2023-05-24,Published
Collectorate Madhepura,Government,Collectorate office Madhepura,Near bus stand Madhepura,910000,910000,9am opening time and closing time 6pm,,Collectorate office Madhepura,,,,,,https://oldmedia.mymadhepura.com/wp-content/uploads/2023/05/IMG20230523213154-scaled.jpg,collectorate-madhepura,https://mymadhepura.com/listing/collectorate-madhepura/,2023-05-24,Published
CIVIL COURT MADHEPURA,Government,Lawyers are here contact,Near bus stand Madhepura,910000,910000,,,Lawyers are here,,,,,,https://oldmedia.mymadhepura.com/wp-content/uploads/2023/05/IMG20230523213112-scaled.jpg,civil-court-madhepura,https://mymadhepura.com/listing/civil-court-madhepura/,2023-05-24,Published
B.k hotel and CANTEEN,Restaurants,Best canteen,Near collectorate office Madhepura,919473128706,919473128706,,,"Samosha,litti, non veg, and many more items",,,,,,https://oldmedia.mymadhepura.com/wp-content/uploads/2023/05/IMG20230523213035-scaled.jpg,b-k-hotel-and-canteen,https://mymadhepura.com/listing/b-k-hotel-and-canteen/,2023-05-24,Published
Ved vyas college Madhepura,Colleges,Ved vyas college Madhepura Bihar,Amleshwar nagar Madhepura,916476223113,916476223113,,,College,,,,25.933112,86.795497,https://oldmedia.mymadhepura.com/wp-content/uploads/2023/05/IMG20230523212921-scaled.jpg,ved-vyas-college-madhepura,https://mymadhepura.com/listing/ved-vyas-college-madhepura/,2023-05-25,Published
Prince veshnav hotel,Hotels,"Khana , nasta , cold ki ...uttam praband",Bus stand Madhepura,919934026051,919934026051,,,Sudh and sakahari bozan,,,,25.932916,86.795526,https://oldmedia.mymadhepura.com/wp-content/uploads/2023/05/IMG20230525182240-scaled.jpg,prince-veshnav-hotel,https://mymadhepura.com/listing/prince-veshnav-hotel/,2023-05-26,Published
MARUTI SUZUKI GENUINE PARTS,Automobile,Accessories,Bus stand Madhepura,918210483632,918210483632,9am opening time and closing time 9pm,,Maruti Suzuki car accessories,,,,25.932916,86.795526,https://oldmedia.mymadhepura.com/wp-content/uploads/2023/05/IMG20230525182720-scaled.jpg,maruti-suzuki-genuine-parts,https://mymadhepura.com/listing/maruti-suzuki-genuine-parts/,2023-05-26,Published
ASHIRWAD HOSPITAL,Hospitals,Hospital,College chowk near gollambar,919570601495,919570601495,10am opening and closing time 9pm,,General physician and surgeon,,,,25.932916,86.795526,https://oldmedia.mymadhepura.com/wp-content/uploads/2023/05/IMG20230525175729-scaled.jpg,ashirwad-hospital,https://mymadhepura.com/listing/ashirwad-hospital/,2023-05-26,Published
PSM HOSPITAL,Hospitals,Eye doctor,College chowk near gollambar,919431600628,919431600628,10am opening and closing time 9pm,,Eye doctor,,,,25.932535,86.795561,https://oldmedia.mymadhepura.com/wp-content/uploads/2023/05/IMG20230525175703-scaled.jpg,psm-hospital,https://mymadhepura.com/listing/psm-hospital/,2023-05-26,Published
DENTAL HOSPITAL orthodontic &amp; implant centre,Dentists,Dentist,College chowk near gollambar road MaDhEpuRa,916202839341,916202839341,,,Dental clinic,,,,25.932916,86.795526,https://oldmedia.mymadhepura.com/wp-content/uploads/2023/05/IMG20230525175607-scaled.jpg,dental-hospital-orthodontic-implant-centre,https://mymadhepura.com/listing/dental-hospital-orthodontic-implant-centre/,2023-05-26,Published
FREEDOM CLASSES PHYSICS,Education,"Best coaching 

Physics",College chowk near gollambar,918678095675,918678095675,,,Coaching for physics students,,,,25.933601,86.795364,https://oldmedia.mymadhepura.com/wp-content/uploads/2023/05/IMG20230525175550-scaled.jpg,freedom-classes-physics,https://mymadhepura.com/listing/freedom-classes-physics/,2023-05-26,Published
ADITYA HOSPITAL,Hospitals,"TRUMA CARE, ICU, NICU,baby care",College CHOWK NEAR friend zone chai,918969218181,918969218181,,,"24 hours ambulance services , TRUMA CARE,",,,,25.932916,86.795526,https://oldmedia.mymadhepura.com/wp-content/uploads/2023/05/IMG20230525175528-scaled.jpg,aditya-hospital,https://mymadhepura.com/listing/aditya-hospital/,2023-05-26,Published
MADHEPURA LAB,Hospitals,"Madhepura lab 

All types of test are here ...",College chowk near gollambar,918862971899,918862971899,9am opening time and closing time 9pm,,The pathological laboratory,,,,25.932916,86.795526,https://oldmedia.mymadhepura.com/wp-content/uploads/2023/05/IMG20230525175451-scaled.jpg,madhepura-lab,https://mymadhepura.com/listing/madhepura-lab/,2023-05-26,Published
R.M.S Dygnosis,Hospitals,"Blood test, urine test, and many other test are here",College chowk Madhepura,919122140701,919122140701,,,The pathological lab,,,,25.933426,86.795412,https://oldmedia.mymadhepura.com/wp-content/uploads/2023/05/IMG20230525175427-scaled.jpg,r-m-s-dygnosis,https://mymadhepura.com/listing/r-m-s-dygnosis/,2023-05-26,Published
SAi Hospital and kidney care centre,Doctors,"Dr khusboo prakash 
Dr Santosh parakash",College chowk near gollambar,919162279415,919162279415,,,A multi speciality hospital women's doctor,,,,25.933426,86.795412,https://oldmedia.mymadhepura.com/wp-content/uploads/2023/05/IMG20230525175415-scaled.jpg,sai-hospital-and-kidney-care-centre,https://mymadhepura.com/listing/sai-hospital-and-kidney-care-centre/,2023-05-26,Published
CUSTOMER SERVICE POINT SBI,Government,SBI customer care point,College chowk near shiv mandir Madhepura,917903682175,917903682175,9am opening time and closing time 9pm,Sunday close,Customer care point SBI bank,,,,25.933426,86.795412,https://oldmedia.mymadhepura.com/wp-content/uploads/2023/05/IMG20230525175220-scaled.jpg,customer-service-point-sbi,https://mymadhepura.com/listing/customer-service-point-sbi/,2023-05-26,Published
"PARWATI SCIENCE COLLEGE, MADHEPURA",Colleges,College,College chowk near gollambar,9100000,9100000,9am opening time and closing time 6pm,,College,,,,25.933426,86.795412,https://oldmedia.mymadhepura.com/wp-content/uploads/2023/05/IMG20230525175119-scaled.jpg,parwati-science-college-madhepura,https://mymadhepura.com/listing/parwati-science-college-madhepura/,2023-05-26,Published
Maa anupurna bhog canteen,Restaurants,"Canteen 
SAMOSHA, KACHORI, chowmein, khana, nasta",Bus stand Madhepura,919939219396,919939219396,9am opening time and closing time 9pm,,"Khana, nasta ,fastfood",,,,25.933426,86.795412,https://oldmedia.mymadhepura.com/wp-content/uploads/2023/05/IMG20230523212908-scaled.jpg,maa-anupurna-bhog-canteen,https://mymadhepura.com/listing/maa-anupurna-bhog-canteen/,2023-05-26,Published
SUNIL SAJAWAT KAKAJ KENDRA,Grocery,"Puja path waala har saman tha milta h ...

Must visit once.",Main market near chanda mama dresses,919661448882,91966144882,,,Puja path wala saman,,,,25.933218,86.795468,https://oldmedia.mymadhepura.com/wp-content/uploads/2023/05/IMG20230527181619-scaled.jpg,sunil-sajawat-kakaj-kendra,https://mymadhepura.com/listing/sunil-sajawat-kakaj-kendra/,2023-05-28,Published
"B.P MANDAL COLLEGE OF ENGINEERING, MADHEPURA",Colleges,Engineering College Madhepura,Near karpoori thakur medical College and hospital,9100000,910000,24 hours open,Sunday close,For Engeneering students,,,,25.932916,86.795526,https://oldmedia.mymadhepura.com/wp-content/uploads/2023/05/IMG20230527163151-scaled.jpg,b-p-mandal-college-of-engineering-madhepura,https://mymadhepura.com/listing/b-p-mandal-college-of-engineering-madhepura/,2023-05-28,Published
New Aditya medical hall,Chemist,"Dolo,saridon,combiflon ,etc",Purani bus stand Madhepura,919472826844,919472826844,,Sunday close,"Dr Manoj kumar general physician and kidney , lover ,bybites",,,,25.932916,86.795526,https://oldmedia.mymadhepura.com/wp-content/uploads/2023/05/IMG20230523212752-scaled.jpg,new-aditya-medical-hall,https://mymadhepura.com/listing/new-aditya-medical-hall/,2023-05-28,Published
ADITYA AAROGYA BABY CARE CENTER,Doctors,Baby doctor,Purani bus stand Madhepura,918519063485,918519063485,10am opening and closing time 9pm,,Baby care doctor,,,,25.933896,86.795264,https://oldmedia.mymadhepura.com/wp-content/uploads/2023/05/IMG20230523212721-scaled.jpg,aditya-aarogya-baby-care-center,https://mymadhepura.com/listing/aditya-aarogya-baby-care-center/,2023-05-28,Published
Veshnav hotel marwadi,Restaurants,"Khana (Dal, chawal,samjhi,papar,aachar,paneer ki sabji,",Purani bus stand Madhepura,919472395071,919472395071,,,"Veshnav hotel marwadi (Khana , nasta ki uttam praband)",,,,25.933601,86.795364,https://oldmedia.mymadhepura.com/wp-content/uploads/2023/05/IMG20230523212603-scaled.jpg,veshnav-hotel-marwadi,https://mymadhepura.com/listing/veshnav-hotel-marwadi/,2023-05-28,Published
SHIV JANKI MEMORIAL HOSPITAL,Hospitals,Hospital,Near Bus stand Madhepura,919531284590,919531284590,24 hours open,,Hospital,,,,25.933601,86.795364,https://oldmedia.mymadhepura.com/wp-content/uploads/2023/05/IMG20230523212442-scaled.jpg,shiv-janki-memorial-hospital,https://mymadhepura.com/listing/shiv-janki-memorial-hospital/,2023-05-28,Published
Druvit hospital,Hospitals,dr.dilip kumar,College chowk Madhepura,919608830048,919608830048,9am opening time and closing time 9pm,,Hospital,,,,25.933426,86.795412,https://oldmedia.mymadhepura.com/wp-content/uploads/2023/05/IMG20230523212357-scaled.jpg,druvit-hospital,https://mymadhepura.com/listing/druvit-hospital/,2023-05-29,Published
Sri SHYAM MEDICAL (SULTANIYA BROTHERS),Chemist,All types of medicine are here,Main market near state Bank road,919939235890,919939235890,10am opening and closing time 9pm,,"Dolo, saridon,Combiflone,all types of medicine",,,,25.933426,86.795412,https://oldmedia.mymadhepura.com/wp-content/uploads/2023/05/IMG20230529213925-scaled.jpg,sri-shyam-medical-sultaniya-brothers,https://mymadhepura.com/listing/sri-shyam-medical-sultaniya-brothers/,2023-05-29,Published
MUSIC JUNCTION,Automobile,All types of phone are available here,Main market near state Bank road 🛣️,919122235122,919122235122,9am opening time and closing time 9pm,,"iPhone,one-plus,samsung, Xiaomi, vivo,oppo,all brands phones are available here",,,,25.933426,86.795412,https://oldmedia.mymadhepura.com/wp-content/uploads/2023/05/IMG20230529213947-scaled.jpg,music-junction,https://mymadhepura.com/listing/music-junction/,2023-05-29,Published
SONA COMUNICATION,Automobile,All types of phone and charger are here must visit once,Main market near chanda mama dresses,919524806928,919524806928,,,"Oppo,vivo,iPhone, one-plus, samsung,tacno,infinix,",,,,25.933601,86.795364,https://oldmedia.mymadhepura.com/wp-content/uploads/2023/05/IMG20230529204149-scaled.jpg,sona-comunication,https://mymadhepura.com/listing/sona-comunication/,2023-05-29,Published
MAA SARSWATI FURNITURE,Others,"Maa Saraswati furniture
All types of woods items are available here",Karpoori chowk near MaDhEpuRa public school,919334804286,919334804286,9am opening time and closing time 9pm,,"Palang ,kursi,table,Godrage,etc",,,,25.932916,86.795526,https://oldmedia.mymadhepura.com/wp-content/uploads/2023/05/IMG20230519142210-scaled.jpg,maa-sarswati-furniture,https://mymadhepura.com/listing/maa-sarswati-furniture/,2023-05-29,Published
Chanda mama dresses,Fashion,"Boys, jeans ,kids jeans ,shirts,
Men's wear
Women's wear are available here

Must visit once",Main market near makhan bhog sweets,916202405035,916202405035,9am opening time and closing time 9pm,,All types of girls and boys dresses are here,,,,25.932535,86.795561,https://oldmedia.mymadhepura.com/wp-content/uploads/2023/05/IMG20230529203804-scaled.jpg,chanda-mama-dresses,https://mymadhepura.com/listing/chanda-mama-dresses/,2023-05-29,Published
Dayal bhagh footwear,Others,Shoes and slippers shop,Main market near Sunil Puja dukan,919576509150,919576509150,,,"Nike sleepers,boys shoes,simple slippers and shoes shop",,,,25.932535,86.795561,https://oldmedia.mymadhepura.com/wp-content/uploads/2023/05/IMG20230529171559-scaled.jpg,dayal-bhagh-footwear,https://mymadhepura.com/listing/dayal-bhagh-footwear/,2023-05-29,Published
MADHEPURA PUBLIC SCHOOL,Schools,School,Karpoori chowk near station road,919006109321,919006109321,,,Based on CBSE patern (1to 8),,,,25.933426,86.795412,https://oldmedia.mymadhepura.com/wp-content/uploads/2023/05/IMG20230519142336-scaled.jpg,madhepura-public-school,https://mymadhepura.com/listing/madhepura-public-school/,2023-05-30,Published
Maa Kali furniture,Others,Furniture shop must visit once,KARPOORI CHOWK NEAR MAIN MARKET,916203749296,916203749296,9am opening time and closing time 9pm,,"Hans made palang, Kursi,almira,etc",,,,25.933896,86.795264,https://oldmedia.mymadhepura.com/wp-content/uploads/2023/05/IMG20230519142550-scaled.jpg,maa-kali-furniture,https://mymadhepura.com/listing/maa-kali-furniture/,2023-05-30,Published
Shalom mission school,Schools,School,Karpoori chowk near station road,919535869421,919535869421,,,CBSE based school (1to 10th ),,,,25.933426,86.795412,https://oldmedia.mymadhepura.com/wp-content/uploads/2023/05/IMG20230519142722-scaled.jpg,shalom-mission-school,https://mymadhepura.com/listing/shalom-mission-school/,2023-05-30,Published
MAA GAYATRI FURNITURE,Others,"All types of palang , Godrage, table, chairs, and many more items are here must visit once.",Karpoori chowk near station road,919570524542,919570524542,,,"Hand made Palang, chair,table,Godrage,etc",,,,25.933896,86.795264,https://oldmedia.mymadhepura.com/wp-content/uploads/2023/05/IMG20230519143107-scaled.jpg,maa-gayatri-furniture,https://mymadhepura.com/listing/maa-gayatri-furniture/,2023-05-30,Published
Maa laxmi medical hall,Doctors,MAA LAXMI MEDICAL HALL,Station road near railway station,918797018474,918797018474,,,All types of medicine are here,,,,25.932916,86.795526,https://oldmedia.mymadhepura.com/wp-content/uploads/2023/05/IMG20230519143250-scaled.jpg,maa-laxmi-medical-hall,https://mymadhepura.com/listing/maa-laxmi-medical-hall/,2023-05-30,Published
AMBE CLINIC,Doctors,"All types of hidden treatment are here...

SAbhi gupt rog ka illaz yha hota h ...",Station road near railway station,919635472754,919635472754,,,MBBS DOCTOR DR.PE.BALA,,,,25.932916,86.795526,https://oldmedia.mymadhepura.com/wp-content/uploads/2023/05/IMG20230519142350-scaled.jpg,ambe-clinic,https://mymadhepura.com/listing/ambe-clinic/,2023-05-30,Published
New MASTER TAILORS,Tailors,Tailors shop,College Madhepura near gollambar,918235370914,918235370914,9am opening time and closing time 9pm,,Ladies and mens jacket specialist,,,,25.933218,86.795468,https://oldmedia.mymadhepura.com/wp-content/uploads/2023/05/IMG20230517124842-scaled.jpg,new-master-tailors,https://mymadhepura.com/listing/new-master-tailors/,2023-05-30,Published
Sri Ram spyin and TRUMA centre,Doctors,"Dr Sunil kumar

Haddi,zor,gadiya specialist",Karpoori chowk near gollambar,919304700804,919304700804,9am opening time and closing time 9pm,,"Haddi ,jor,and gatiya specialist",,,,25.917104,86.790838,https://oldmedia.mymadhepura.com/wp-content/uploads/2023/05/IMG20230523212246-scaled.jpg,sri-ram-spyin-and-truma-centre,https://mymadhepura.com/listing/sri-ram-spyin-and-truma-centre/,2023-05-30,Published
Jockey showroom,Showrooms,Jockey showrooms,Karpoori chowk near station road,91000000,9100000,,,"Jockey shirt,jeans, underwear,and many more items.",,,,25.917104,86.790838,https://oldmedia.mymadhepura.com/wp-content/uploads/2023/05/IMG20230530190536-scaled.jpg,jockey-showroom,https://mymadhepura.com/listing/jockey-showroom/,2023-05-30,Published
RASHI HEALTH CARE CENTRE,Doctors,Doctor,Bus stand Madhepura,917808043112,917808043112,,,"Pet,chatti,gathiya,heart,haddi,zor specialist",,,,25.917104,86.790838,https://oldmedia.mymadhepura.com/wp-content/uploads/2023/05/IMG20230523212314-scaled.jpg,rashi-health-care-centre,https://mymadhepura.com/listing/rashi-health-care-centre/,2023-05-30,Published
UNICORN 🦄 JUICE BAR,Cafe,Many more item you will check in photos,Main market near gollambar,918235357043,918235357043,,,"Banana shake, Chocolate shake,milk shake,French fries,etc",,,,25.917104,86.790838,https://oldmedia.mymadhepura.com/wp-content/uploads/2023/05/IMG20230530212849-scaled.jpg,unicorn-%f0%9f%a6%84-juice-bar,https://mymadhepura.com/listing/unicorn-%f0%9f%a6%84-juice-bar/,2023-05-31,Published
SANJEEV VESHNAV HOTEL,Restaurants,RESTURANT,State Bank road near patanjali shop Madhepura 852113,918051429988,918051429988,,,"Samosha , kachori, rasgulla, cold drink,water,etc",,,,25.917104,86.790838,https://oldmedia.mymadhepura.com/wp-content/uploads/2023/05/IMG20230530221221-scaled.jpg,sanjeev-veshnav-hotel,https://mymadhepura.com/listing/sanjeev-veshnav-hotel/,2023-05-31,Published
MONIKA MOCHING CENTRE AND LADIES TAILORS,Tailors,Ladies tailors,Main market near unicorn juice bar,917549534333,917549534333,,,Ladies tailors,,,,25.917104,86.790838,https://oldmedia.mymadhepura.com/wp-content/uploads/2023/05/IMG20230530230118-scaled.jpg,monika-moching-centre-and-ladies-tailors,https://mymadhepura.com/listing/monika-moching-centre-and-ladies-tailors/,2023-05-31,Published
SAMAJ SHOES CENTRE,Showrooms,Shoes and slippers shop,Main market near chanda mama dresses,919470293142,919470293142,,,Shoes and slippers shop,,,,25.917104,86.790838,https://oldmedia.mymadhepura.com/wp-content/uploads/2023/05/IMG20230530215637-scaled.jpg,samaj-shoes-centre,https://mymadhepura.com/listing/samaj-shoes-centre/,2023-05-31,Published
Photo state book and stationery,Printing Press,Books store and photo state,StAte bank road,919585802367,919585802367,,,Books and photo state shop,,,,25.917104,86.790838,https://oldmedia.mymadhepura.com/wp-content/uploads/2023/05/IMG20230530215621-scaled.jpg,photo-state-book-and-stationery,https://mymadhepura.com/listing/photo-state-book-and-stationery/,2023-05-31,Published
MAKHAN BHOG SWEETS CORNER,Restaurants,A complete family restaurant,Main market near gollambar,9100000,910000,,,"Chowmein,chaat, Pani puri,samosha,kachori,paneer chilli etc",,,,25.917104,86.790838,https://oldmedia.mymadhepura.com/wp-content/uploads/2023/05/IMG20230530215446-scaled.jpg,makhan-bhog-sweets-corner,https://mymadhepura.com/listing/makhan-bhog-sweets-corner/,2023-05-31,Published
Maa Ambey sajawat kedra,Grocery,Puja ka sAbhi sAmAn YHa MiLTA h,MAiN market near gollambar,917004357313,917004357313,9am opening time and closing time 9pm,,Puja path ka saman yha milta h,,,,25.917104,86.790838,https://oldmedia.mymadhepura.com/wp-content/uploads/2023/05/IMG20230530215321-scaled.jpg,maa-ambey-sajawat-kedra,https://mymadhepura.com/listing/maa-ambey-sajawat-kedra/,2023-05-31,Published
REPAIRING ZONE,Automobile,"All types of mobile phone are repairing here ..

Must visit once 

And phn skins are also available here",MAiN market near gollambar,916299142258,916299142258,,,Yha sAbhi parakar ke ...mobile phone repair hote h,,,,25.917104,86.790838,https://oldmedia.mymadhepura.com/wp-content/uploads/2023/05/IMG20230530215153-scaled.jpg,repairing-zone,https://mymadhepura.com/listing/repairing-zone/,2023-05-31,Published
HAVELLS GALAXY,Showrooms,Must visit oncw,KARPOORI CHOWK NEAR MAIN MARKET,9100000,910000,,,HAVELLS all types of products are available here,,,,25.917104,86.790838,https://oldmedia.mymadhepura.com/wp-content/uploads/2023/05/IMG20230530190645-scaled.jpg,havells-galaxy,https://mymadhepura.com/listing/havells-galaxy/,2023-05-31,Published
GOKUL SWEETS,Restaurants,RESTURANT,College chowk near sadar aspataal,916202408538,916202408538,,,"Samosa, water, kachori, rasgulla cold drink",,,,25.917104,86.790838,https://oldmedia.mymadhepura.com/wp-content/uploads/2023/05/IMG20230523211511-scaled.jpg,gokul-sweets,https://mymadhepura.com/listing/gokul-sweets/,2023-05-31,Published
Shekhar and company,Automobile,"All types of agriculture products are available here....like tractor,haLh,etc",Karpoori chowk near station road,917667354687,917667354687,,,Yaha sabhi prakar ke .... agriculture ke saman milta h,,,,25.917104,86.790838,https://oldmedia.mymadhepura.com/wp-content/uploads/2023/05/IMG20230519142709-scaled.jpg,shekhar-and-company,https://mymadhepura.com/listing/shekhar-and-company/,2023-05-31,Published
Nishan radiologist Madhepura,CT Scan,"CT scanner,ultra sound, x-ray 🩻",College chowk near shiv mandir Madhepura,918294125885,918294125885,,No weekly off,"Ct-scan ,ulta sound , etc",,,,25.917104,86.790838,https://oldmedia.mymadhepura.com/wp-content/uploads/2023/05/IMG20230517123606-scaled.jpg,nishan-radiologist-madhepura,https://mymadhepura.com/listing/nishan-radiologist-madhepura/,2023-05-31,Published
ANSHU KIRINA STORE,Grocery,"Oil,alluu,payaz, sugar,sattu,aata,chawal,daal,eyc",College chowk near shiv mandir Madhepura,917543973222,917543973222,,,Sabhi kirana saman yha milta h,,,,25.917104,86.790838,https://oldmedia.mymadhepura.com/wp-content/uploads/2023/05/IMG20230517123344-scaled.jpg,anshu-kirina-store,https://mymadhepura.com/listing/anshu-kirina-store/,2023-05-31,Published
Digital printing pride,Printing Press,Printing press,College chowk near gollambar,917004394720,917004394720,,,"Sadi card, printing photos,mundan card,I'd card ,pvc card,flex print",,,,25.917104,86.790838,https://oldmedia.mymadhepura.com/wp-content/uploads/2023/05/IMG20230517123238-scaled.jpg,digital-printing-pride,https://mymadhepura.com/listing/digital-printing-pride/,2023-05-31,Published
HOTEL KHUSHI,Restaurants,Restaurant,College chowk near shiv mandir Madhepura,919955373735,919955737375,,,"SAMOSHA, KACHORI, chowmein, chaat, COLD DRINKS eyc",,,,25.917104,86.790838,https://oldmedia.mymadhepura.com/wp-content/uploads/2023/05/IMG20230517123124-1-scaled.jpg,hotel-khushi-2,https://mymadhepura.com/listing/hotel-khushi-2/,2023-05-31,Published
S.K GARMENTS,Fashion,Fashion dresses for voys,College chowk near shiv mandir Madhepura,919931420309,919931420309,,,"Shirts, Jean's,looser,etc",,,,25.917104,86.790838,https://oldmedia.mymadhepura.com/wp-content/uploads/2023/05/IMG20230517123054-scaled.jpg,s-k-garments,https://mymadhepura.com/listing/s-k-garments/,2023-05-31,Published
Om sweets CORNER,Restaurants,Restaurant,College chowk near shiv mandir Madhepura,918405550380,918405550380,,,"Samsosha ,kachori ,zalabii ,rasgulla",,,,25.917104,86.790838,https://oldmedia.mymadhepura.com/wp-content/uploads/2023/05/IMG20230517123029-scaled.jpg,om-sweets-corner,https://mymadhepura.com/listing/om-sweets-corner/,2023-05-31,Published
SONY WATCH CENTRE,Wrist Watch Repair &amp,Watch repair center,College chowk near shiv mandir Madhepura,917004394720,917004394720,,,"Watch repair,new watches etc",,,,25.917104,86.790838,https://oldmedia.mymadhepura.com/wp-content/uploads/2023/05/IMG20230517122729-1-scaled.jpg,sony-watch-centre,https://mymadhepura.com/listing/sony-watch-centre/,2023-05-31,Published
Abhishek telecom and banking sewa Kendra,Automobile,Banking services and telecom services are also available here must visit once,College chowk near shiv mandir Madhepura,917261878998,917261878998,,,Airtel telecom and banking services are also available here,,,,25.917104,86.790838,https://oldmedia.mymadhepura.com/wp-content/uploads/2023/05/IMG20230517122509-scaled.jpg,abhishek-telecom-and-banking-sewa-kendra,https://mymadhepura.com/listing/abhishek-telecom-and-banking-sewa-kendra/,2023-05-31,Published
SAHARA INDIA PRIVAR,Others,Sahara india pariwar,College chowk near petrol pump,910000,910000,,,Sahara india,,,,25.917104,86.790838,https://oldmedia.mymadhepura.com/wp-content/uploads/2023/05/IMG20230517122301-scaled.jpg,sahara-india-privar,https://mymadhepura.com/listing/sahara-india-privar/,2023-05-31,Published
KAMUR JAGMOHAN PRESS,Others,Printing press,COLLEGE chowk near petrol pump,918340133291,918340133291,,,"I'd card,Sadi card, tshirts Print,cup print, calendar print",,,,25.917104,86.790838,https://oldmedia.mymadhepura.com/wp-content/uploads/2023/05/IMG20230517121423-scaled.jpg,kamur-jagmohan-press,https://mymadhepura.com/listing/kamur-jagmohan-press/,2023-05-31,Published
SINGAR GENERAL STORE,Printing Press,Printing press,College chowk near shiv mandir Madhepura,918539911067,918539911067,,,Printing press,,,,25.917104,86.790838,https://oldmedia.mymadhepura.com/wp-content/uploads/2023/05/IMG20230517120951-scaled.jpg,singar-general-store,https://mymadhepura.com/listing/singar-general-store/,2023-05-31,Published
Maate Sudama mobile repairing centre,Printing Press,Preaa,College chowk near shiv mandir Madhepura,910000,910000,,,Printing press,,,,25.917104,86.790838,https://oldmedia.mymadhepura.com/wp-content/uploads/2023/05/IMG20230517120847-scaled.jpg,maate-sudama-mobile-repairing-centre,https://mymadhepura.com/listing/maate-sudama-mobile-repairing-centre/,2023-05-31,Published
M/S mithla interprizez,Automobile,"Cctv camera,solar Street light etc",College chowk near shiv mandir Madhepura,918405538251,918405538251,,,"Solar Street light,cycle,cybee cafe",,,,25.917104,86.790838,https://oldmedia.mymadhepura.com/wp-content/uploads/2023/05/IMG20230517120742-scaled.jpg,m-s-mithla-interprizez,https://mymadhepura.com/listing/m-s-mithla-interprizez/,2023-05-31,Published
Amit electronics shop,Automobile,"Fan ,light ,bulb ,wires,etc",College chowk near shiv mandir Madhepura,910000,91000,,,"Fan,light,bulb,etc",,,,25.917104,86.790838,https://oldmedia.mymadhepura.com/wp-content/uploads/2023/05/IMG20230517120036-scaled.jpg,amit-electronics-shop,https://mymadhepura.com/listing/amit-electronics-shop/,2023-05-31,Published
New LiGht tailors,Tailors,Tailor shop,Main market,919304796470,919304796470,,,Tailor shop,,,,25.917104,86.790838,https://oldmedia.mymadhepura.com/wp-content/uploads/2023/06/IMG20230602202541-scaled.jpg,new-light-tailors,https://mymadhepura.com/listing/new-light-tailors/,2023-06-03,Published
Bank of india branch,Banquets,Bank,Main market near gollambar,9100000,910000,,,Bank of india branch,,,,25.917104,86.790838,https://oldmedia.mymadhepura.com/wp-content/uploads/2023/06/IMG20230602202437-scaled.jpg,bank-of-india-branch,https://mymadhepura.com/listing/bank-of-india-branch/,2023-06-03,Published
ASHIRWAD FASHION,Fashion,"A family fashion shop

Dresss",MAiN market,9162099099157,9162099099157,,,"Sari,kids wear,boys wears",,,,25.917104,86.790838,https://oldmedia.mymadhepura.com/wp-content/uploads/2023/06/IMG20230602202451-scaled.jpg,ashirwad-fashion,https://mymadhepura.com/listing/ashirwad-fashion/,2023-06-03,Published
Maa Sharda flowers decoration,Flowers,Docoretor,MAiN market,919155225777,919155225777,,,Flowers decoration,,,,25.917104,86.790838,https://oldmedia.mymadhepura.com/wp-content/uploads/2023/06/IMG20230602202426-scaled.jpg,maa-sharda-flowers-decoration,https://mymadhepura.com/listing/maa-sharda-flowers-decoration/,2023-06-03,Published
SBI CSP(CUSTOMER SERVICE POINT),Banquets,SBI customer service point,State Bank road near patanjali shop Madhepura 852113,910000,910000,9am opening time and closing time 7pm,Sunday close,CSP,,,,25.932916,86.795526,https://oldmedia.mymadhepura.com/wp-content/uploads/2023/06/IMG20230602182057-scaled.jpg,sbi-cspcustomer-service-point,https://mymadhepura.com/listing/sbi-cspcustomer-service-point/,2023-06-03,Published
DR.ANAND LAB,Doctors,MICROBIOLOGIST,Singeshwar road near Kiran public school,917485867275,917485867275,9am opening time and closing time 9pm,,"Blood test, urine test, microbiology",,,,25.933102,86.795499,https://oldmedia.mymadhepura.com/wp-content/uploads/2023/06/IMG20230603181813-scaled.jpg,dr-anand-lab-2,https://mymadhepura.com/listing/dr-anand-lab-2/,2023-06-03,Published
AQUA ZONE (AUTHORIZE SALE AND SERVICE),Grocery,Aqua zone sale and service,Singeshwar road near Kiran public school,919470836795,919470836795,,,Aqua guard service,,,,25.932916,86.795526,https://oldmedia.mymadhepura.com/wp-content/uploads/2023/06/IMG20230603181746-scaled.jpg,aqua-zone-authorize-sale-and-service,https://mymadhepura.com/listing/aqua-zone-authorize-sale-and-service/,2023-06-03,Published
OXYGEN BIO STUDY CENTRE,Education,Coaching class,"Singeshwar road MaDhEpuRa,bihar",916201827722,916201827722,,,"For class 9th ,10,11,12th neet ,b.sc For preparation for b.sc nursing",,,,25.932916,86.795526,https://oldmedia.mymadhepura.com/wp-content/uploads/2023/06/IMG20230603181607-scaled.jpg,oxygen-bio-study-centre,https://mymadhepura.com/listing/oxygen-bio-study-centre/,2023-06-03,Published
A TO Z COACHING MADHEPURA,Education,Coaching class,Singeshwar road near Kiran public school,919431893505,919431893505,,,"For CTET,BTET,STET,DAROGA ETC",,,,25.933103,86.795499,https://oldmedia.mymadhepura.com/wp-content/uploads/2023/06/IMG20230603181547-scaled.jpg,a-to-z-coaching-madhepura,https://mymadhepura.com/listing/a-to-z-coaching-madhepura/,2023-06-03,Published
UTSAV Infotech ( COMPUTER CLASS),Education,Computer class,"Singeshwar road MaDhEpuRa,bihar",917004533529,917004533529,9am opening time and closing time 9pm,,"COURSES :- ADCA,DCA,ADIT,DFA, MULTIMEDIA, HARDWARE ETC",,,,25.932916,86.795526,https://oldmedia.mymadhepura.com/wp-content/uploads/2023/06/IMG20230603181516-scaled.jpg,utsav-infotech-computer-class,https://mymadhepura.com/listing/utsav-infotech-computer-class/,2023-06-03,Published
NANDAN CTET-CENTER,Education,CTET TIME (07 TO 09AM) MORNING,"Singeshwar road MaDhEpuRa,bihar",919006791559,919006791559,CTET BATCH ( 07 to 09 am) and ( 02 to 04 pm),,CTET AND BPSC COACHING,,,,25.932916,86.795526,https://oldmedia.mymadhepura.com/wp-content/uploads/2023/06/IMG20230603181506-scaled.jpg,nandan-ctet-center,https://mymadhepura.com/listing/nandan-ctet-center/,2023-06-03,Published
BIOLOGY STUDY POINT,Education,A PERFECT INSTITUTE OF BIOLOGY,"Bijli board ,near shiv mandir Madhepura",919709897480,919709897480,,,For class 11th and 12th Hindi and English medium,,,,25.932916,86.795526,https://oldmedia.mymadhepura.com/wp-content/uploads/2023/06/IMG20230603181350-scaled.jpg,biology-study-point,https://mymadhepura.com/listing/biology-study-point/,2023-06-03,Published
NAND BOOK STORE AND STATIONARY,Education,"Book store , photo prints,","Singeshwar road MaDhEpuRa,bihar",919973590172,919973590172,,,"Book store , and photo print shop, lamination",,,,25.932916,86.795526,https://oldmedia.mymadhepura.com/wp-content/uploads/2023/06/IMG20230603181334-scaled.jpg,nand-book-store-and-stationary,https://mymadhepura.com/listing/nand-book-store-and-stationary/,2023-06-03,Published
SALEN MOTOR GARAGE,Cabs &amp,Cars and motorcycles GARAGE,"Singeshwar road MaDhEpuRa,bihar",919905655616,919905655616,,,"Cars ,and bike garage",,,,25.917104,86.790838,https://oldmedia.mymadhepura.com/wp-content/uploads/2023/06/IMG20230603181259-scaled.jpg,salen-motor-garage,https://mymadhepura.com/listing/salen-motor-garage/,2023-06-04,Published
A BASIC CONCEPT OF PHYSICS,Education,Physics class,Singeshwar road near Kiran public school,917870385878,917870385878,,,"For class :-11th,12th IIT-Jee,neet ,advance,CBSE AND BSEB",,,,25.917104,86.790838,https://oldmedia.mymadhepura.com/wp-content/uploads/2023/06/IMG20230603181226-scaled.jpg,a-basic-concept-of-physics,https://mymadhepura.com/listing/a-basic-concept-of-physics/,2023-06-04,Published
Maa Nursing home,Doctors,"All emergency facilities are here 

24x7","Near bijli board , singeshwar road MaDhEpuRa",919534788308,919534788308,24 hours open,,"ICU,NICU, PICU ,OT,",,,,25.917104,86.790838,https://oldmedia.mymadhepura.com/wp-content/uploads/2023/06/IMG20230603181146-scaled.jpg,maa-nursing-home,https://mymadhepura.com/listing/maa-nursing-home/,2023-06-04,Published
LALU TANK SAFAIII,Others,"Contract us.

Lalu tank safai",Sab jagah,918084236262,918709505643,24hours available,,"Tank safai ,train,gatar,Nala,sokhta ,etc",,,,25.933169,86.795481,https://oldmedia.mymadhepura.com/wp-content/uploads/2023/06/IMG20230604172015-scaled.jpg,lalu-tank-safaiii,https://mymadhepura.com/listing/lalu-tank-safaiii/,2023-06-04,Published
JEE. MATHEMATICS CLASSES,Education,Sushil suman sir contact us,Singeshwar road near Kiran public school,917261878425,917261878425,,,"Class 10th,11th,12th, NCERT BASED (SPECial BATCH FOR JEE (MAIN+ADV) NEET ETC",,,,25.933607,86.795362,https://oldmedia.mymadhepura.com/wp-content/uploads/2023/06/IMG20230603181120-scaled.jpg,jee-mathematics-classes,https://mymadhepura.com/listing/jee-mathematics-classes/,2023-06-04,Published
SARJUN. SIR CLASSES,Education,SARJUN sir,Singeshwar road near Kiran public school,91000,910000,,,"CTET,STET,ALL CLASSES ARE AVAILABLE HERE (SPECIAL CLASS) BIOLOGY",,,,25.933426,86.795412,https://oldmedia.mymadhepura.com/wp-content/uploads/2023/06/IMG20230603181033-scaled.jpg,sarjun-sir-classes,https://mymadhepura.com/listing/sarjun-sir-classes/,2023-06-04,Published
PASU AAHAR KENDRA (PET HEALTH CARE),Grocery,"All types मसाला ,sattu ,sarso tel hand made available here",Goowsala near Hanuman mandir Madhepura,919431888811,919431888811,,,"Sarso tel hand made ,sattu,masale etc",,,,25.933426,86.795412,https://oldmedia.mymadhepura.com/wp-content/uploads/2023/06/IMG20230603180902-scaled.jpg,pasu-aahar-kendra-pet-health-care,https://mymadhepura.com/listing/pasu-aahar-kendra-pet-health-care/,2023-06-04,Published
Maa online solution grahak sewa Kendra,Automobile,Maa online solution ghahak sewa Kendra and online centre,COLLEGE chowk near baba ji hotel,919155668833,919155668833,,,"Railway ticket,dhakhil kharij,Jamin ka rasid,kishan panjikaran,mobile recharge,t.v recharge,bill bhuktan,jati aaye, licence,wridha pension",,,,25.929367,86.79543,https://oldmedia.mymadhepura.com/wp-content/uploads/2023/06/IMG20230605111703-scaled.jpg,maa-online-solution-grahak-sewa-kendra,https://mymadhepura.com/listing/maa-online-solution-grahak-sewa-kendra/,2023-06-05,Published
Jyoti book store,Education,Books and copy store,College chowk near shiv mandir Madhepura,918406949758,918406949758,,,"Books , and copy store",,,,25.929369,86.79543,https://oldmedia.mymadhepura.com/wp-content/uploads/2023/06/IMG20230605113421-scaled.jpg,jyoti-book-store,https://mymadhepura.com/listing/jyoti-book-store/,2023-06-05,Published
Sudha DAHI CENTRE,Grocery,Sudha daHiii only available here in low price,Japalpati chowk Madhepura,919521183365,919521183365,,,Sudha dahii only available here,,,,25.932916,86.795526,https://oldmedia.mymadhepura.com/wp-content/uploads/2023/06/IMG20230605190247-scaled.jpg,sudha-dahi-centre,https://mymadhepura.com/listing/sudha-dahi-centre/,2023-06-05,Published
Kiran Pharma,Chemist,Surgical and hospital things are available here.,Japalpati chowk Madhepura ward no 19,9100000,910000,,,Dog feed and accessories also available here,,,,25.933108,86.795498,https://oldmedia.mymadhepura.com/wp-content/uploads/2023/06/IMG20230605182338-scaled.jpg,kiran-pharma,https://mymadhepura.com/listing/kiran-pharma/,2023-06-05,Published
Physics by j.p sir,Education,"Physics class for class 10th,11th,12th",College chowk near shiv mandir Madhepura,917002730040,917002730040,,,Physics classes,,,,25.932916,86.795526,https://oldmedia.mymadhepura.com/wp-content/uploads/2023/06/IMG20230605113331-scaled.jpg,physics-by-j-p-sir,https://mymadhepura.com/listing/physics-by-j-p-sir/,2023-06-05,Published
Maa Sharda bag house,Banquets,Bags shop,Thana chowk near police station,918534805430,918534805430,,,"School bags , trolley,hand bag and many more bags are here",,,,25.933426,86.795412,https://oldmedia.mymadhepura.com/wp-content/uploads/2023/06/IMG20230602202328-scaled.jpg,maa-sharda-bag-house,https://mymadhepura.com/listing/maa-sharda-bag-house/,2023-06-05,Published
Arya bhatt math classes,Education,Math,Bobby nursery singeshwar road MaDhEpuRa,919470896069,919470896069,,,Math + reasoning,,,,25.933426,86.795412,https://oldmedia.mymadhepura.com/wp-content/uploads/2023/06/IMG20230603175909-scaled.jpg,arya-bhatt-math-classes,https://mymadhepura.com/listing/arya-bhatt-math-classes/,2023-06-05,Published
Bengali Bartan dukan,Grocery,Bartan dukan,Thana chowk near police station,91000000,910000,,,Bartan shop,,,,25.933601,86.795364,https://oldmedia.mymadhepura.com/wp-content/uploads/2023/06/IMG20230602202135-scaled.jpg,bengali-bartan-dukan,https://mymadhepura.com/listing/bengali-bartan-dukan/,2023-06-05,Published
Sawariya sweets snex,Restaurants,"RESTURANT

Must visit once",Main market near chanda mama dresses,9100000,910000,,,"SAMOSHA , KACHORI , COLD DRINKS ,chatt, chowmein,",,,,25.932916,86.795526,https://oldmedia.mymadhepura.com/wp-content/uploads/2023/06/IMG20230602202045-scaled.jpg,sawariya-sweets-snex,https://mymadhepura.com/listing/sawariya-sweets-snex/,2023-06-05,Published
AGARWAL IRON STORE,Others,Hardware shop,Main market near gollambar,910000,910000,,,"Hardware shop,",,,,25.933122,86.795494,https://oldmedia.mymadhepura.com/wp-content/uploads/2023/06/IMG20230602202022-scaled.jpg,agarwal-iron-store,https://mymadhepura.com/listing/agarwal-iron-store/,2023-06-05,Published
NEW ERA SMART SCHOOL,Schools,School,PhD field near college chowk,919470337138,919470337138,,,Nursery to 8th classes here CBSE SCHOOL,,,,25.933163,86.795483,https://oldmedia.mymadhepura.com/wp-content/uploads/2023/06/IMG20230607191425-scaled.jpg,new-era-smart-school,https://mymadhepura.com/listing/new-era-smart-school/,2023-06-07,Published
Anand competition classes,Education,Compitition classes,PhD field kk darbar se 100 kadam aage,918709781379,918709781379,,,"For ssc,RLY,BANK ,UPSC,BPSC,CRPF,DAROGA,ARMY,NAVY,AIRFORCE",,,,25.93315,86.795486,https://oldmedia.mymadhepura.com/wp-content/uploads/2023/06/IMG20230607191309-scaled.jpg,anand-competition-classes,https://mymadhepura.com/listing/anand-competition-classes/,2023-06-07,Published
The result factory,Education,Good,College chowk near PhD field,918709781379,918709781379,,,"Math, reasoning, GK,GS,CA ETC",,,,25.933156,86.795485,https://oldmedia.mymadhepura.com/wp-content/uploads/2023/06/IMG20230607191257-scaled.jpg,the-result-factory,https://mymadhepura.com/listing/the-result-factory/,2023-06-07,Published
GLOBAL EDUCATION CENTRE,Automobile,Education,College chowk near muskan cake palace,919999159544,919999159544,,,"For CTET,KVS,NVS,STET,BTET...,",,,,25.933126,86.795493,https://oldmedia.mymadhepura.com/wp-content/uploads/2023/06/IMG20230607191127-scaled.jpg,global-education-centre,https://mymadhepura.com/listing/global-education-centre/,2023-06-07,Published
Balaji sweets corner and bhojnalaye,Restaurants,Must visit once,COLLEGE chowk near petrol pump,917808918624,917808918624,,,"Sada bhojan,chola bhutra,litti,samosha,chatt, chowmin--,burger,mithai,sudha milk,dahi,paneer, icecreams, cold drink etc",,,,25.933126,86.795493,https://oldmedia.mymadhepura.com/wp-content/uploads/2023/06/IMG20230607191006-scaled.jpg,balaji-sweets-corner-and-bhojnalaye,https://mymadhepura.com/listing/balaji-sweets-corner-and-bhojnalaye/,2023-06-07,Published
Narayan vatika Vastra dukan,Fashion,Dress shop,College chowk near gollambar,918543019945,918543019945,,,"Ladies,men's,kids wears,🥰",,,,25.933152,86.795486,https://oldmedia.mymadhepura.com/wp-content/uploads/2023/06/IMG20230607184840-scaled.jpg,narayan-vatika-vastra-dukan,https://mymadhepura.com/listing/narayan-vatika-vastra-dukan/,2023-06-07,Published
Kumar Gaurav Enterprises,Automobile,"Hamare yha sabhi prakar ke....spare parts 
Thokk aur khudra me milte h❤️

(Ek baar jarur aaye🙏)
DhAnyEwaad",COLLEGE chowk near gollambar,919534894335,919534894335,,,"Mobile software and hardware touch glass,folder, battery etc battery 🔋",,,,25.933165,86.795482,https://oldmedia.mymadhepura.com/wp-content/uploads/2023/06/IMG20230607184824-scaled.jpg,kumar-gaurav-enterprises,https://mymadhepura.com/listing/kumar-gaurav-enterprises/,2023-06-07,Published
Suhani roop pariwartan saloon,Salons,Best saloon,College chowk near shiv mandir Madhepura,910000,910000,,,"Masaj,scrub,blich , wedding dulha makeup ke liye sampark kre",,,,25.933129,86.795492,https://oldmedia.mymadhepura.com/wp-content/uploads/2023/06/IMG20230607184725-scaled.jpg,suhani-roop-pariwartan-saloon,https://mymadhepura.com/listing/suhani-roop-pariwartan-saloon/,2023-06-07,Published
BMS PHARMA MEDICINE,Chemist,Medicine shop,College chowk near shiv mandir Madhepura,910000,910000,,,"Angreji,unani ,and ayurvedic dawaiya yaha milti h.",,,,25.933166,86.795482,https://oldmedia.mymadhepura.com/wp-content/uploads/2023/06/IMG20230607184718-scaled.jpg,bms-pharma-medicine,https://mymadhepura.com/listing/bms-pharma-medicine/,2023-06-07,Published
AMAN MEDICAL AGENCY,Chemist,Medicine shop,COLLEGE chowk near purani Market,918409594166,918409594166,,,"Medicines like , dolo,parasitamol, Benadryl,etc",,,,25.933121,86.795494,https://oldmedia.mymadhepura.com/wp-content/uploads/2023/06/IMG20230607184711-scaled.jpg,aman-medical-agency,https://mymadhepura.com/listing/aman-medical-agency/,2023-06-08,Published
KAJAL DIGITAL STUDIO,Printing Press,Digital studio,Purani bahar near college chowk Madhepura,918797326941,918797326941,,,"Photo studio , printing press, lamination etc",,,,25.93315,86.795486,https://oldmedia.mymadhepura.com/wp-content/uploads/2023/06/IMG20230607184644-scaled.jpg,kajal-digital-studio,https://mymadhepura.com/listing/kajal-digital-studio/,2023-06-08,Published
